Cluster_ID,Sample_ID,Identity
0,AAA001_F11,98%
1,AAA008_E21,97%
2,AAA008_F23,97%
3,AAA008_O16,97%
4,AAA015_D11,99%
5,AAA015_F06,99%
6,AAA015_F21,99%
7,AAA015_J13,99%
8,AAA015_J21,99%
9,AAA015_K07,99%
10,AAA015_L07,99%
11,AAA015_O18,99%
12,AAA298_C15,99%
13,AAA298_E20,98%
14,AAA298_F07,99%
15,AAA298_G19,*
16,AAA298_I19,98%
17,AAA298_J02,99%
18,AAA298_J15,99%
19,AB-746_B19,98%
20,AB-746_C16,99%
21,AB-746_G16,99%
22,AB-746_I05,99%
23,AB-746_I19,99%
24,AB-746_J11_M13F,99%
25,AB-746_L20,99%
26,AB-746_O09,99%
27,AB-747_E18,99%
28,AB-747_E21,99%
29,AB-747_F02,99%
30,AB-747_F07,99%
31,AB-747_I03,99%
32,AB-747_L16,98%
33,AB-747_N04,98%
34,AB-747_O23,99%
35,AB-747_P08,99%
36,AB-751_I06,99%
37,AD-308_N11,99%
38,AD-613_M09,98%
39,AG-313-A11,99%
40,AG-313-A13,99%
41,AG-313-A22,99%
42,AG-313-B02,99%
43,AG-313-C13,99%
44,AG-313-D07,99%
45,AG-313-D16,99%
46,AG-313-D18,99%
47,AG-313-D23,99%
48,AG-313-E09,99%
49,AG-313-E14,99%
50,AG-313-F02,99%
51,AG-313-F09,99%
52,AG-313-F20,99%
53,AG-313-G06,99%
54,AG-313-G17,99%
55,AG-313-G20,99%
56,AG-313-G21,99%
57,AG-313-I06,99%
58,AG-313-I16,99%
59,AG-313-I18,99%
60,AG-313-K05,99%
61,AG-313-L04,99%
62,AG-313-L09,99%
63,AG-313-M10,99%
64,AG-313-M22,99%
65,AG-313-N16,98%
66,AG-313-N23,99%
67,AG-313-O13,98%
68,AG-313-O16,99%
69,AG-313-O22,98%
70,AG-313-P06,98%
71,AG-313-P17,99%
72,AG-313-P18,99%
73,AG-319-C16,99%
74,AG-319-D11,99%
75,AG-319-D19,99%
76,AG-319-F05,99%
77,AG-319-F18,99%
78,AG-319-K16,99%
79,AG-319-M13,99%
80,AG-319-M14,99%
81,AG-319-N03,99%
82,AG-319-N04,99%
83,AG-319-P14,99%
84,AG-319-P20,99%
85,AG-325-A02,99%
86,AG-325-A05,98%
87,AG-325-A06,98%
88,AG-325-A09,99%
89,AG-325-A11,99%
90,AG-325-A13,99%
91,AG-325-A21,99%
92,AG-325-B16,99%
93,AG-325-C07,99%
94,AG-325-C10,99%
95,AG-325-C14,99%
96,AG-325-C18,99%
97,AG-325-D03,99%
98,AG-325-D07,98%
99,AG-325-D10,98%
100,AG-325-D20,99%
101,AG-325-E08,99%
102,AG-325-E11,98%
103,AG-325-E22,99%
104,AG-325-F03,99%
105,AG-325-F13,99%
106,AG-325-F15,98%
107,AG-325-G02,99%
108,AG-325-G03,99%
109,AG-325-G08,99%
110,AG-325-G15,99%
111,AG-325-I05,99%
112,AG-325-I07,99%
113,AG-325-I16,99%
114,AG-325-I19,99%
115,AG-325-J17,99%
116,AG-325-K02,98%
117,AG-325-K05,99%
118,AG-325-K07,98%
119,AG-325-K09,99%
120,AG-325-K11,98%
121,AG-325-K17,99%
122,AG-325-K18,99%
123,AG-325-L02,99%
124,AG-325-L05,98%
125,AG-325-L08,99%
126,AG-325-M04,99%
127,AG-325-M09,99%
128,AG-325-N03,99%
129,AG-325-N07,99%
130,AG-325-N16,99%
131,AG-325-N19,99%
132,AG-325-O04,99%
133,AG-325-O13,99%
134,AG-325-O15,99%
135,AG-325-O16,99%
136,AG-325-O17,99%
137,AG-325-O19,99%
138,AG-325-P02,99%
139,AG-325-P13,99%
140,AG-325-P14,99%
141,AG-325-P21,99%
142,AG-333-A04,99%
143,AG-333-A08,99%
144,AG-333-A18,99%
145,AG-333-A19,99%
146,AG-333-B08,99%
147,AG-333-B21,99%
148,AG-333-C03,99%
149,AG-333-C06,99%
150,AG-333-C16,99%
151,AG-333-C17,99%
152,AG-333-C19,99%
153,AG-333-C20,99%
154,AG-333-C22,99%
155,AG-333-C23,99%
156,AG-333-D02,99%
157,AG-333-D07,99%
158,AG-333-D08,98%
159,AG-333-E22,99%
160,AG-333-F09,99%
161,AG-333-F21,99%
162,AG-333-G07,99%
163,AG-333-G21,99%
164,AG-333-I10,99%
165,AG-333-I21,99%
166,AG-333-J17,99%
167,AG-333-J19,99%
168,AG-333-K08,99%
169,AG-333-L10,99%
170,AG-333-M03,99%
171,AG-333-M06,99%
172,AG-333-M19,99%
173,AG-333-N13,99%
174,AG-333-O21,99%
175,AG-333-P05,99%
176,AG-333-P14,99%
177,AG-333-P17,99%
178,AG-333-P22,99%
179,AG-337-A08,99%
180,AG-337-A09,99%
181,AG-337-A13,99%
182,AG-337-A16,99%
183,AG-337-A18,98%
184,AG-337-A23,98%
185,AG-337-B06,99%
186,AG-337-B10,99%
187,AG-337-C07,99%
188,AG-337-C08,99%
189,AG-337-D15,99%
190,AG-337-D17,99%
191,AG-337-E13,99%
192,AG-337-E22,99%
193,AG-337-F16,99%
194,AG-337-F22,99%
195,AG-337-G11,99%
196,AG-337-G18,99%
197,AG-337-G21,99%
198,AG-337-J02,99%
199,AG-337-J06,99%
200,AG-337-J09,99%
201,AG-337-J21,98%
202,AG-337-J22,99%
203,AG-337-K02,99%
204,AG-337-K07,99%
205,AG-337-K13,99%
206,AG-337-K20,99%
207,AG-337-L18,99%
208,AG-337-L22,99%
209,AG-337-M06,99%
210,AG-337-M21,99%
211,AG-337-N09,99%
212,AG-337-N10,99%
213,AG-337-O14,99%
214,AG-337-P01,98%
215,AG-337-P03,99%
216,AG-337-P14,99%
217,AG-337-P15,99%
218,AG-343-A16,99%
219,AG-343-A17,99%
220,AG-343-A20,99%
221,AG-343-D19,99%
222,AG-343-I20,99%
223,AG-343-K07,99%
224,AG-343-L02,99%
225,AG-343-M06,99%
226,AG-343-M11,99%
227,AG-343-M13,99%
228,AG-343-M14,99%
229,AG-343-M16,99%
230,AG-343-M22,99%
231,AG-343-O09,99%
232,AG-349-C21,99%
233,AG-349-E20,99%
234,AG-349-F06,99%
235,AG-349-G19,99%
236,AG-349-G22,99%
237,AG-349-J17,99%
238,AG-349-J21,99%
239,AG-349-K07,99%
240,AG-349-L04,99%
241,AG-349-L07,99%
242,AG-349-L17,99%
243,AG-349-L20,99%
244,AG-349-L23,99%
245,AG-349-M03,99%
246,AG-349-O05,99%
247,AG-349-O07,99%
248,AG-349-O19,99%
249,AG-404-A15,99%
250,AG-404-E20,99%
251,AG-404-F14,99%
252,AG-404-F21,99%
253,AG-404-G19,98%
254,AG-404-J10,99%
255,AG-404-K04,99%
256,AG-404-L09,99%
257,AG-404-M08,99%
258,AG-404-O18,98%
259,AG-404-P07,99%
260,AG-404-P09,99%
261,AG-485_J10,99%
262,AG-485_N08,99%
263,AG-485_P05,99%
264,AG-487_B02,99%
265,AG-487_B21,99%
266,AG-487_D16,99%
267,AG-487_E16,99%
268,AG-487_F06,99%
269,AG-487_F15,99%
270,AG-487_I03,98%
271,AG-487_J08,99%
272,AG-487_J23,99%
273,AG-487_N07,98%
274,AG-487_P01,99%
0,AB-747_N20,97%
1,AB-750_A03,100%
2,AB-750_A09,100%
3,AB-750_A23,99%
4,AB-750_C14,100%
5,AB-750_F03,99%
6,AB-750_F20,100%
7,AB-750_G15,100%
8,AB-750_I07,100%
9,AB-750_I15,100%
10,AB-750_I18,99%
11,AB-750_K04,97%
12,AB-750_K23,100%
13,AB-750_M18,100%
14,AB-750_M21,100%
15,AB-750_M23,100%
16,AB-750_N15,99%
17,AB-750_N20,100%
18,AB-750_P22,100%
19,AB-751_B23,100%
20,AB-751_C09,100%
21,AB-751_G18,100%
22,AB-751_I11,100%
23,AB-751_I16,100%
24,AB-751_J11,100%
25,AB-751_K13,100%
26,AB-751_K15,100%
27,AB-751_L04,100%
28,AB-751_L09,100%
29,AB-751_M07,99%
30,AB-751_M10,100%
31,AB-751_M22,100%
32,AB-751_N09,100%
33,AB-751_P07,100%
34,AB-751_P14,97%
35,AB-754_A19,99%
36,AB-754_B15,100%
37,AB-754_C18,99%
38,AB-754_C22_AB-905,100%
39,AB-754_C22_AB-908,*
40,AB-754_D21,100%
41,AB-754_E15,100%
42,AB-754_F23,100%
43,AB-754_G16,97%
44,AB-754_I02,97%
45,AB-754_I18,100%
46,AB-754_I19,100%
47,AB-754_I23,100%
48,AB-754_J17,99%
49,AB-754_L23,100%
50,AB-754_N08,100%
51,AB-754_O07,99%
52,AB-754_O08,100%
53,AB-754_O17,100%
54,AB-754_O20,100%
55,AB-754_P16,100%
56,AB-755_A05,100%
57,AB-755_A07,100%
58,AB-755_A08,100%
59,AB-755_A21,100%
60,AB-755_A22,97%
61,AB-755_B10,100%
62,AB-755_C07,100%
63,AB-755_C14,100%
64,AB-755_D02,100%
65,AB-755_D03,100%
66,AB-755_D05,100%
67,AB-755_D09,99%
68,AB-755_D23,97%
69,AB-755_E05,100%
70,AB-755_E09,100%
71,AB-755_E10,100%
72,AB-755_E20,97%
73,AB-755_E23,100%
74,AB-755_F18,100%
75,AB-755_G11,100%
76,AB-755_G19,100%
77,AB-755_G23,99%
78,AB-755_I14,100%
79,AB-755_I15,100%
80,AB-755_J14,100%
81,AB-755_K04,97%
82,AB-755_K07,99%
83,AB-755_M02,100%
84,AB-755_M08,100%
85,AB-755_N10,100%
86,AB-755_N13,100%
87,AB-755_N21,100%
88,AB-755_O05,100%
89,AB-755_O17,99%
90,AB-755_O20,100%
91,AB-755_P16,100%
92,AD-305_A21,97%
93,AD-305_B05,97%
94,AD-305_B20,97%
95,AD-305_E13,97%
96,AD-305_E16,97%
97,AD-305_F02,97%
98,AD-305_F13,97%
99,AD-305_G05,97%
100,AD-305_G18,97%
101,AD-305_J20,97%
102,AD-305_K17,97%
103,AD-305_K19,97%
104,AD-305_M17,97%
105,AD-305_O18,97%
106,AD-305_P06,97%
107,AD-305_P08,97%
108,AD-305_P09,97%
109,AD-308_B22,97%
110,AD-308_C23,97%
111,AD-308_J21,97%
112,AD-308_L02,97%
113,AD-308_L18,97%
114,AD-308_M23,97%
115,AD-308_P08,97%
116,AD-311_B11,97%
117,AD-311_E04,97%
118,AD-311_E07,97%
119,AD-311_F13,97%
120,AD-311_I07,97%
121,AD-311_I18,97%
122,AD-311_J09,97%
123,AD-311_K21,97%
124,AD-311_P18,97%
125,AG-485_A09,98%
126,AG-485_A16,97%
127,AG-485_A17,97%
128,AG-485_A21,98%
129,AG-485_B05,98%
130,AG-485_B10,97%
131,AG-485_C22,98%
132,AG-485_D19,98%
133,AG-485_F18,98%
134,AG-485_F19,98%
135,AG-485_J04,98%
136,AG-485_K06,98%
137,AG-485_K09,98%
138,AG-485_N22,98%
139,AG-485_P13,98%
140,AG-485_P15,98%
141,AG-485_P20,98%
142,AG-487_B03,97%
143,AG-487_B09,97%
144,AG-487_B11,97%
145,AG-487_C21,97%
146,AG-487_D08,97%
147,AG-487_D19,97%
148,AG-487_I11,97%
149,AG-487_I17,97%
150,AG-487_J04,97%
151,AG-487_L16,97%
152,AG-487_M02,97%
153,AG-487_M10,97%
154,AG-487_O04,97%
155,AG-487_O15,97%
156,AG-487_P09,97%
0,AAA001_A10,99%
1,AAA001_O14,98%
2,AAA003_C09,98%
3,AAA003_D04,98%
4,AAA003_D05,98%
5,AAA003_F16,98%
6,AAA003_G19,99%
7,AAA003_K03,98%
8,AAA003_N21,99%
9,AAA003_P18,98%
10,AAA008_C06,98%
11,AAA008_I22,*
12,AAA008_M17,98%
13,AAA015_M08,98%
14,AAA240_B21,97%
15,AAA240_C16,98%
16,AAA288_I11,97%
17,AAA288_K08,98%
18,AAA288_K14,98%
19,AAA288_K21,97%
20,AAA288_N22,98%
21,AAA288_O03,98%
22,AAA298_B03,97%
23,AAA298_E23,97%
24,AAA298_F09,97%
25,AAA298_L22,98%
26,AAA298_L23,98%
27,AAA298_M05,97%
28,AAA298_O14,97%
29,AB-746_M03,98%
30,AD-604_D21,98%
31,AD-606_A07,98%
32,AD-606_I14,97%
33,AD-613_O20,98%
34,AD-615_A03,98%
35,AD-615_C11,98%
36,AG-313-E16,99%
37,AG-313-I15,98%
38,AG-313-K22,99%
39,AG-319-B06,98%
40,AG-319-C04,98%
41,AG-319-C19,98%
42,AG-319-D02,98%
43,AG-319-E13,99%
44,AG-319-G13,98%
45,AG-319-I19,99%
46,AG-319-K04,98%
47,AG-319-P08,98%
48,AG-325-B10,98%
49,AG-325-C02,97%
50,AG-325-C21,98%
51,AG-325-G20,98%
52,AG-325-G21,98%
53,AG-325-I13,98%
54,AG-325-L19,98%
55,AG-333-A10,97%
56,AG-333-C07,97%
57,AG-333-D11,98%
58,AG-333-E02,98%
59,AG-333-F17,98%
60,AG-333-J05,98%
61,AG-333-K06,98%
62,AG-333-K10,99%
63,AG-333-M13,98%
64,AG-333-M16,98%
65,AG-333-N06,98%
66,AG-333-N15,99%
67,AG-333-O23,98%
68,AG-333-P19,98%
69,AG-337-A14,97%
70,AG-337-A17,97%
71,AG-337-C09,98%
72,AG-337-C19,98%
73,AG-337-D16,97%
74,AG-337-E02,97%
75,AG-337-E17,98%
76,AG-337-E19,98%
77,AG-337-F15,97%
78,AG-337-I10,98%
79,AG-337-K06,98%
80,AG-337-L03,97%
81,AG-337-L16,98%
82,AG-337-M05,98%
83,AG-337-O02,99%
84,AG-337-O05,97%
85,AG-337-O09,98%
86,AG-337-O16,98%
87,AG-337-P08,99%
88,AG-337-P10,98%
89,AG-343-A05,99%
90,AG-343-A11,97%
91,AG-343-B10,99%
92,AG-343-C02,98%
93,AG-343-D03,99%
94,AG-343-D21,98%
95,AG-343-E06,98%
96,AG-343-E19,99%
97,AG-343-G21,98%
98,AG-343-I13,98%
99,AG-343-I16,97%
100,AG-343-J02,98%
101,AG-343-J08,99%
102,AG-343-J20,98%
103,AG-343-K02,98%
104,AG-343-K08,98%
105,AG-343-L07,98%
106,AG-343-L22,98%
107,AG-343-M20,99%
108,AG-343-N07,99%
109,AG-343-N15,97%
110,AG-343-O17,98%
111,AG-343-P02,98%
112,AG-343-P23,98%
113,AG-349-A07,99%
114,AG-349-E03,98%
115,AG-349-I05,98%
116,AG-349-K05,98%
117,AG-349-O17,98%
118,AG-349-P05,98%
119,AG-404-A03,98%
120,AG-404-B04,98%
121,AG-404-B06,98%
122,AG-404-B14,97%
123,AG-404-B17,98%
124,AG-404-C02,98%
125,AG-404-C04,98%
126,AG-404-C09,98%
127,AG-404-C16,97%
128,AG-404-E18,97%
129,AG-404-I08,98%
130,AG-404-I09,98%
131,AG-404-I11,97%
132,AG-404-I22,98%
133,AG-404-J20,98%
134,AG-404-L08,98%
135,AG-404-M06,98%
136,AG-404-N05,97%
137,AG-404-N11,98%
138,AG-404-O10,98%
139,AG-404-O17,98%
140,AG-404-P16,98%
141,AG-404-P20,99%
142,AG-487_E20,98%
0,AAA015_A05,99%
1,AAA015_A11,99%
2,AAA015_B11,98%
3,AAA015_B13,99%
4,AAA015_B19,99%
5,AAA015_C10,99%
6,AAA015_C15,99%
7,AAA015_D05,99%
8,AAA015_D06,99%
9,AAA015_D08,99%
10,AAA015_D09,99%
11,AAA015_D15,99%
12,AAA015_E08,99%
13,AAA015_E14,99%
14,AAA015_E15,99%
15,AAA015_E19,99%
16,AAA015_E22,99%
17,AAA015_F03,99%
18,AAA015_F16,99%
19,AAA015_G02,98%
20,AAA015_G08,99%
21,AAA015_G10,98%
22,AAA015_G11,99%
23,AAA015_G18,99%
24,AAA015_G20,99%
25,AAA015_I15,99%
26,AAA015_J05,99%
27,AAA015_J06,99%
28,AAA015_J18,99%
29,AAA015_K11,99%
30,AAA015_L06,99%
31,AAA015_L09,99%
32,AAA015_L11,99%
33,AAA015_L13,99%
34,AAA015_L16,99%
35,AAA015_M16,99%
36,AAA015_M22,98%
37,AAA015_N05,99%
38,AAA015_N16,99%
39,AAA015_N21,99%
40,AAA015_O08,99%
41,AAA298_A23,98%
42,AAA298_B06,98%
43,AAA298_C04,99%
44,AAA298_D08,98%
45,AAA298_D22,98%
46,AAA298_E10,98%
47,AAA298_E18,99%
48,AAA298_F03,98%
49,AAA298_G04,98%
50,AAA298_G08,98%
51,AAA298_I05,98%
52,AAA298_I06,98%
53,AAA298_I11,98%
54,AAA298_J21,98%
55,AAA298_K04,98%
56,AAA298_K15,98%
57,AAA298_K23,98%
58,AAA298_L14,97%
59,AAA298_M08,98%
60,AAA298_M21,98%
61,AAA298_N02,97%
62,AAA298_N17,98%
63,AAA298_O20,98%
64,AAA300_C05,98%
65,AAA300_C06,98%
66,AAA300_D10,98%
67,AAA300_D20,99%
68,AAA300_D23,98%
69,AAA300_I03,99%
70,AAA300_I21,98%
71,AAA300_J14,*
72,AAA300_K19,99%
73,AAA300_M02,98%
74,AAA300_M11,98%
75,AAA300_M13,98%
76,AAA300_M15,98%
77,AAA300_N10,98%
78,AAA300_N21,98%
79,AAA300_N22,98%
80,AAA300_P22,97%
81,AG-313-K23,98%
82,AG-325-D04,99%
83,AG-325-E18,98%
84,AG-325-J19,98%
85,AG-325-L23,98%
86,AG-325-N23,99%
87,AG-333-B07,98%
88,AG-333-F18,98%
89,AG-333-I16,98%
90,AG-333-J22,98%
91,AG-333-J23,98%
92,AG-333-L03,99%
93,AG-333-L14,99%
94,AG-333-L21,98%
95,AG-333-M14,98%
96,AG-333-N07,98%
97,AG-333-O16,98%
98,AG-333-P23,99%
99,AG-337-C10,98%
100,AG-337-D02,98%
101,AG-337-J18,98%
102,AG-337-M13,98%
103,AG-337-N03,98%
104,AG-343-G04,99%
105,AG-343-J23,98%
106,AG-349-A05,99%
107,AG-349-A09,99%
108,AG-349-A19,98%
109,AG-349-A23,99%
110,AG-349-C08,99%
111,AG-349-C13,99%
112,AG-349-D09,99%
113,AG-349-D14,99%
114,AG-349-E23,99%
115,AG-349-G11,99%
116,AG-349-G15,98%
117,AG-349-G16,99%
118,AG-349-G23,99%
119,AG-349-I11,99%
120,AG-349-I19,99%
121,AG-349-J23,99%
122,AG-349-K03,99%
123,AG-349-K06,99%
124,AG-349-K10,99%
125,AG-349-M07,99%
126,AG-349-M17,99%
127,AG-349-N10,99%
128,AG-349-N23,99%
129,AG-349-O04,99%
130,AG-349-P01,99%
131,AG-349-P18,99%
132,AG-404-B19,97%
133,AG-404-D14,99%
134,AG-404-D19,98%
135,AG-404-E17,99%
136,AG-404-E19,99%
137,AG-404-L15,97%
138,AG-404-O11,99%
139,AG-404-O15,99%
140,AG-404-P15,97%
0,AB-746_C20,99%
1,AB-746_E04,99%
2,AB-746_E17,98%
3,AB-746_G10,99%
4,AB-746_K17,99%
5,AB-746_O21,99%
6,AB-747_D03,99%
7,AB-747_D19,99%
8,AB-747_F14,99%
9,AB-747_I05,98%
10,AB-747_M09,99%
11,AB-750_B15,99%
12,AB-750_C02,99%
13,AB-750_C15,99%
14,AB-750_C16,99%
15,AB-750_C19,99%
16,AB-750_C22,99%
17,AB-750_D08,99%
18,AB-750_D10,99%
19,AB-750_E02,99%
20,AB-750_E10,99%
21,AB-750_F08,99%
22,AB-750_F19,99%
23,AB-750_G16,99%
24,AB-750_G20,99%
25,AB-750_J11,99%
26,AB-750_K03,99%
27,AB-750_K18,99%
28,AB-750_L04,99%
29,AB-750_L07,99%
30,AB-750_L19,99%
31,AB-750_L22,99%
32,AB-750_L23,98%
33,AB-750_N23,99%
34,AB-750_O02,99%
35,AB-750_O05,99%
36,AB-750_O07,99%
37,AB-750_O18,99%
38,AB-750_O20,99%
39,AB-750_P07,99%
40,AB-750_P14,99%
41,AB-751_A06,99%
42,AB-751_A17,99%
43,AB-751_B10,99%
44,AB-751_C05,99%
45,AB-751_D11,99%
46,AB-751_D23,99%
47,AB-751_E22,99%
48,AB-751_E23,99%
49,AB-751_G10,99%
50,AB-751_I02,99%
51,AB-751_I04,99%
52,AB-751_I10,99%
53,AB-751_I17,99%
54,AB-751_J08,99%
55,AB-751_K06,99%
56,AB-751_K10,99%
57,AB-751_L06,99%
58,AB-751_L18,99%
59,AB-751_M08,99%
60,AB-751_M11,99%
61,AB-751_N04,99%
62,AB-751_N05,99%
63,AB-751_N14,99%
64,AB-751_N19,99%
65,AB-751_O11,99%
66,AB-751_O19,99%
67,AB-751_O20,99%
68,AB-751_P08,99%
69,AB-751_P21,99%
70,AB-751_P22,99%
71,AB-754_B13,99%
72,AB-754_C04,99%
73,AB-754_C08,99%
74,AB-754_J03,99%
75,AB-754_J16,*
76,AB-754_L08,99%
77,AB-754_L09,99%
78,AB-754_P07,99%
79,AB-755_B09,98%
80,AB-755_C02,99%
81,AB-755_C04,98%
82,AB-755_C13,98%
83,AB-755_C21,99%
84,AB-755_E19,99%
85,AB-755_E22,99%
86,AB-755_F10,99%
87,AB-755_F17,99%
88,AB-755_G07,99%
89,AB-755_G16,99%
90,AB-755_I10,99%
91,AB-755_K17,99%
92,AB-755_L03,99%
93,AB-755_M18,98%
94,AB-755_M20,99%
95,AB-755_P11,99%
96,AB-755_P19,99%
0,AB-750_C10,100%
1,AB-750_D04,99%
2,AB-750_F22,100%
3,AB-750_I11,100%
4,AB-750_I13,100%
5,AB-750_O17,99%
6,AB-750_P17,100%
7,AB-750_P21,100%
8,AB-751_A22,100%
9,AB-751_C10,100%
10,AB-751_F22,100%
11,AB-751_G13,100%
12,AB-754_A07,100%
13,AB-754_A09,100%
14,AB-754_A10,100%
15,AB-754_A23,100%
16,AB-754_B02,100%
17,AB-754_B20,100%
18,AB-754_B23,100%
19,AB-754_C20,100%
20,AB-754_D02_AB-905,99%
21,AB-754_D02_AB-908,100%
22,AB-754_D14,99%
23,AB-754_D16,100%
24,AB-754_D23_AB-905,100%
25,AB-754_D23_AB-908,100%
26,AB-754_E08,100%
27,AB-754_E13,100%
28,AB-754_F02,100%
29,AB-754_G03_AB-905,100%
30,AB-754_G03_AB-908,100%
31,AB-754_G13,100%
32,AB-754_I07,100%
33,AB-754_I20,100%
34,AB-754_J04,100%
35,AB-754_J07,99%
36,AB-754_J14,99%
37,AB-754_J21,99%
38,AB-754_K10,100%
39,AB-754_K14,100%
40,AB-754_K18,100%
41,AB-754_L06,100%
42,AB-754_L11,100%
43,AB-754_L16,100%
44,AB-754_L19,100%
45,AB-754_M06,99%
46,AB-754_M13,100%
47,AB-754_M15,99%
48,AB-754_M23,100%
49,AB-754_N07,99%
50,AB-754_N18,99%
51,AB-754_N20,99%
52,AB-754_P10,100%
53,AB-754_P11,100%
54,AB-754_P15,100%
55,AB-754_P20,100%
56,AB-755_A02,100%
57,AB-755_A09,100%
58,AB-755_B07,100%
59,AB-755_B19,*
60,AB-755_C05,100%
61,AB-755_C06,100%
62,AB-755_C08,100%
63,AB-755_C09,100%
64,AB-755_D13,99%
65,AB-755_D17,99%
66,AB-755_D19,100%
67,AB-755_E03,100%
68,AB-755_E13,100%
69,AB-755_E18,100%
70,AB-755_F09,99%
71,AB-755_G02,99%
72,AB-755_G05,99%
73,AB-755_G09,100%
74,AB-755_G17,99%
75,AB-755_I07,99%
76,AB-755_I08,100%
77,AB-755_J04,100%
78,AB-755_J11,100%
79,AB-755_K02,100%
80,AB-755_L16,100%
81,AB-755_L17,100%
82,AB-755_L19,100%
83,AB-755_M06,100%
84,AB-755_M09,100%
85,AB-755_M10,100%
86,AB-755_M14,100%
87,AB-755_N17,100%
88,AB-755_N18,100%
89,AB-755_O03,99%
90,AB-755_O07,100%
91,AB-755_O13,100%
92,AB-755_O18,100%
93,AB-755_O23,100%
94,AB-755_P22,100%
0,AD-305_A02,100%
1,AD-305_A06,99%
2,AD-305_B07,100%
3,AD-305_B13,100%
4,AD-305_B19,100%
5,AD-305_C11,100%
6,AD-305_D02,100%
7,AD-305_D09,100%
8,AD-305_I04,100%
9,AD-305_I16,99%
10,AD-305_I18,100%
11,AD-305_J04,100%
12,AD-305_J08,100%
13,AD-305_J18,100%
14,AD-305_K06,100%
15,AD-305_L22,100%
16,AD-305_M23,100%
17,AD-305_N05,100%
18,AD-305_O06,100%
19,AD-305_P03,100%
20,AD-305_P17,99%
21,AD-305_P19,100%
22,AD-308_A06,100%
23,AD-308_B14,99%
24,AD-308_B20,100%
25,AD-308_B21,100%
26,AD-308_C02,99%
27,AD-308_C03,*
28,AD-308_C07,100%
29,AD-308_C14,100%
30,AD-308_C15,99%
31,AD-308_D14,99%
32,AD-308_D17,100%
33,AD-308_E02,100%
34,AD-308_E03,100%
35,AD-308_E10,100%
36,AD-308_E18,99%
37,AD-308_F15,99%
38,AD-308_F16,100%
39,AD-308_F18,100%
40,AD-308_G07,99%
41,AD-308_G08,100%
42,AD-308_G17,100%
43,AD-308_I03,100%
44,AD-308_I07,100%
45,AD-308_I17,99%
46,AD-308_I21,100%
47,AD-308_J19,99%
48,AD-308_J20,100%
49,AD-308_K02,100%
50,AD-308_K03,100%
51,AD-308_K07,100%
52,AD-308_L07,100%
53,AD-308_L10,100%
54,AD-308_L20,100%
55,AD-308_M17,100%
56,AD-308_M18,100%
57,AD-308_N05,100%
58,AD-308_N07,100%
59,AD-308_N13,99%
60,AD-308_O04,100%
61,AD-308_O09,100%
62,AD-308_O13,99%
63,AD-308_O16,100%
64,AD-308_P09,100%
65,AD-308_P11,100%
66,AD-311_C08,99%
67,AD-311_C15,100%
68,AD-311_D10,100%
69,AD-311_E08,99%
70,AD-311_E10,100%
71,AD-311_E14,100%
72,AD-311_E16,100%
73,AD-311_F02,99%
74,AD-311_F06,100%
75,AD-311_F08,100%
76,AD-311_I10,100%
77,AD-311_K05,100%
78,AD-311_M04,100%
79,AD-311_M19,100%
80,AD-311_N02,100%
81,AD-311_N14,100%
82,AD-311_N20,100%
83,AD-311_O03,100%
84,AD-311_O20,100%
85,AD-311_P13,100%
86,AD-311_P14,100%
87,AD-311_P23,100%
0,AAA001_B15,99%
1,AAA001_E15,99%
2,AAA003_A13,97%
3,AAA003_L03,98%
4,AAA007_N18,99%
5,AAA007_O20,98%
6,AAA008_C17,99%
7,AAA008_I23,99%
8,AAA008_P05,99%
9,AAA008_P15,99%
10,AAA240_F04,99%
11,AAA240_I17,99%
12,AAA240_K14,97%
13,AAA240_P15,*
14,AAA288_F13,99%
15,AAA288_G15,99%
16,AAA288_G16,99%
17,AAA288_G17,99%
18,AAA288_M11,99%
19,AAA288_M14,99%
20,AAA288_N05,99%
21,AAA288_N11,99%
22,AB-746_A16,98%
23,AB-746_B07,99%
24,AB-746_B18,99%
25,AB-746_E21,99%
26,AB-746_F13,99%
27,AB-746_O15,99%
28,AB-746_P05,99%
29,AB-747_F18,99%
30,AB-747_K13,99%
31,AB-747_N13,98%
32,AC-312_A16,100%
33,AC-312_B22,99%
34,AC-312_C09,99%
35,AC-312_G02,99%
36,AC-312_J11,99%
37,AC-312_J23,99%
38,AC-312_L19,99%
39,AC-337_C04,99%
40,AD-602_P16,98%
41,AD-606_F20,98%
42,AD-606_G19,98%
43,AD-606_J08,98%
44,AD-606_O04,98%
45,AD-613_B03,98%
46,AD-613_B09,98%
47,AD-613_C11,98%
48,AD-613_J18,98%
49,AD-615_E22,98%
50,AD-615_L05,98%
51,AG-313-C04,99%
52,AG-313-C17,98%
53,AG-313-D08,99%
54,AG-313-F23,98%
55,AG-313-L21,98%
56,AG-313-O21,99%
57,AG-319-A06,99%
58,AG-319-A17,98%
59,AG-319-B05,99%
60,AG-319-B17,99%
61,AG-319-D05,99%
62,AG-319-D09,99%
63,AG-319-E10,99%
64,AG-319-G15,99%
65,AG-319-I04,99%
66,AG-319-J23,98%
67,AG-319-K19,98%
68,AG-319-L17,99%
69,AG-319-O17,98%
70,AG-319-P10,98%
71,AG-319-P16,99%
72,AG-485_E11,98%
73,AG-485_E17,99%
74,AG-485_K15,98%
75,AG-487_B17,99%
76,AG-487_D07,99%
77,AG-487_D23,99%
78,AG-487_K06,98%
79,AG-487_P16,99%
0,AAA003_C23,98%
1,AAA003_G16,99%
2,AAA007_B19,97%
3,AAA007_C09,97%
4,AAA007_C22,97%
5,AAA007_D03,99%
6,AAA007_E07,98%
7,AAA007_G21,98%
8,AAA007_K18,97%
9,AAA007_M04,97%
10,AAA007_M16,98%
11,AAA008_E19,97%
12,AAA008_N17,99%
13,AAA240_B17,98%
14,AAA240_C23,99%
15,AAA240_D07,97%
16,AAA240_D10,97%
17,AAA240_D11,97%
18,AAA240_D19,97%
19,AAA240_F18,98%
20,AAA240_G03,97%
21,AAA240_G18,97%
22,AAA240_I07,*
23,AAA240_I11,97%
24,AAA240_J09,98%
25,AAA240_J16,97%
26,AAA240_J17,98%
27,AAA240_J23,98%
28,AAA240_K04,99%
29,AAA240_M14,97%
30,AAA240_M16,97%
31,AAA240_N18,97%
32,AAA240_N20,97%
33,AAA240_N23,97%
34,AAA240_O18,97%
35,AAA240_P21,97%
36,AAA288_C06,98%
37,AB-746_A18,97%
38,AB-746_F05,97%
39,AB-746_G04,97%
40,AB-746_I20,97%
41,AB-746_L13,97%
42,AB-747_B02,97%
43,AB-747_E14,97%
44,AB-747_G06,97%
45,AB-747_G08,97%
46,AB-747_I07,97%
47,AB-747_N07,97%
48,AB-747_O11,97%
49,AB-750_C07,97%
50,AB-750_E13,97%
51,AB-750_E23,97%
52,AB-755_I02,97%
53,AC-312_E03,98%
54,AC-312_E16,98%
55,AC-312_F05,98%
56,AC-312_F14,99%
57,AC-312_I05,98%
58,AC-312_J15,98%
59,AC-312_M18,98%
60,AC-337_D15,99%
61,AD-604_A07,97%
62,AD-604_D22,97%
63,AD-604_K18,97%
64,AD-606_M22,97%
65,AD-613_J11,97%
66,AD-615_C15,97%
67,AD-615_G16,97%
68,AG-319-E05,97%
69,AG-319-E19,97%
70,AG-319-I09,97%
71,AG-319-I10,97%
72,AG-319-I18,97%
73,AG-319-I22,97%
74,AG-319-J17,97%
75,AG-319-J22,97%
76,AG-319-P03,97%
77,AG-485_C04,97%
0,AB-746_B05,100%
1,AB-746_D19,98%
2,AB-746_F03,98%
3,AB-746_F15,98%
4,AB-746_F21,98%
5,AB-746_G11,98%
6,AB-746_G14,100%
7,AB-746_J13,98%
8,AB-746_K05,99%
9,AB-746_K13,98%
10,AB-746_L07,99%
11,AB-746_M19,99%
12,AB-747_A16,98%
13,AB-747_B13,98%
14,AB-747_C06,98%
15,AB-747_D17,98%
16,AB-747_F15,100%
17,AB-747_G18,98%
18,AB-747_G20,98%
19,AB-747_I15,99%
20,AB-747_L06,98%
21,AB-747_L15,*
22,AB-747_L20,100%
23,AB-747_M15,98%
24,AB-747_N10,98%
25,AB-747_O20,98%
26,AB-747_O21,98%
27,AB-747_P16,98%
28,AB-750_C13,98%
29,AB-750_K11,98%
30,AB-750_P10_M13F,97%
31,AB-751_L22,98%
32,AB-755_A13,98%
33,AC-337_J13,98%
34,AD-305_A11,97%
35,AD-305_A14,97%
36,AD-305_B10,97%
37,AD-305_B18,97%
38,AD-305_C15,97%
39,AD-305_F05,97%
40,AD-305_G22,99%
41,AD-305_I10,99%
42,AD-305_J10,97%
43,AD-305_J13,97%
44,AD-305_K04,97%
45,AD-305_N18,97%
46,AD-308_A05,97%
47,AD-308_B11,97%
48,AD-308_D05,97%
49,AD-308_D13,97%
50,AD-308_F13,98%
51,AD-308_J06,97%
52,AD-308_M06,97%
53,AD-308_M07,97%
54,AD-308_M13,97%
55,AD-311_B23,97%
56,AD-311_D03,97%
57,AD-311_D08,97%
58,AD-311_D21,97%
59,AD-311_E13,97%
60,AD-311_F17,97%
61,AD-311_G05,97%
62,AD-311_G06,97%
63,AD-311_I03,97%
64,AD-311_I09,97%
65,AD-311_K09,97%
66,AD-311_L04,97%
67,AD-311_L13,99%
68,AD-311_M20,97%
69,AD-311_O17,99%
70,AD-311_O21,97%
71,AG-487_E18,98%
72,AG-487_O18,98%
0,AAA015_B14,97%
1,AAA015_D20,97%
2,AAA015_F18,98%
3,AAA288_N17,97%
4,AAA298_A21,*
5,AAA298_F15,99%
6,AAA300_N17,98%
7,AD-602_M04,98%
8,AD-604_G09,98%
9,AD-606_P09,98%
10,AG-325-D13,98%
11,AG-325-E23,98%
12,AG-325-F17,97%
13,AG-325-G10,98%
14,AG-325-K03,97%
15,AG-325-L18,98%
16,AG-325-M08,97%
17,AG-325-P03,98%
18,AG-325-P23,98%
19,AG-333-B23,97%
20,AG-333-E18,97%
21,AG-333-G06,98%
22,AG-333-J04,97%
23,AG-333-K14,98%
24,AG-333-L02,98%
25,AG-333-N17,98%
26,AG-333-N19,98%
27,AG-337-C03,97%
28,AG-337-C14,97%
29,AG-337-D19,97%
30,AG-337-F05,97%
31,AG-337-G04,98%
32,AG-337-G15,98%
33,AG-337-I06,99%
34,AG-337-I21,97%
35,AG-337-L04,98%
36,AG-337-M02,98%
37,AG-337-M14,97%
38,AG-337-P17,98%
39,AG-343-A01,97%
40,AG-343-D18,98%
41,AG-343-F02,98%
42,AG-343-F19,98%
43,AG-343-G23,98%
44,AG-343-J05,98%
45,AG-343-J15,98%
46,AG-343-N21,98%
47,AG-343-O15,98%
48,AG-349-O03,99%
49,AG-404-A09,98%
50,AG-404-B05,98%
51,AG-404-G11,98%
52,AG-404-L13,97%
53,AG-404-N03,98%
54,AG-404-N13,98%
55,AG-404-O06,97%
56,AG-404-P13,98%
0,AAA001_A15,98%
1,AAA003_C02,98%
2,AAA008_B11,99%
3,AAA008_B13,98%
4,AAA008_I09,97%
5,AAA288_B13,98%
6,AAA288_E20,97%
7,AAA288_G21,*
8,AAA288_J08,97%
9,AAA288_J15,97%
10,AAA288_L13,98%
11,AAA288_L19,97%
12,AAA288_N07,98%
13,AAA288_N16,98%
14,AC-312_L08,99%
15,AD-602_A17,99%
16,AD-602_F07,98%
17,AD-602_O07,98%
18,AD-602_O17,98%
19,AD-602_O23,98%
20,AD-602_P04,99%
21,AD-604_A17,99%
22,AD-604_C07,99%
23,AD-604_C22,98%
24,AD-604_D04,99%
25,AD-604_D14,99%
26,AD-604_G19,98%
27,AD-604_I07,99%
28,AD-604_I23,98%
29,AD-604_K15,98%
30,AD-604_M19,99%
31,AD-604_P07,98%
32,AD-606_B04,99%
33,AD-606_N06,99%
34,AD-606_P22,98%
35,AD-613_B13,99%
36,AD-613_C08,98%
37,AD-613_C22,99%
38,AD-613_D07,99%
39,AD-613_D08,99%
40,AD-613_E11,98%
41,AD-613_F11,99%
42,AD-613_G19,98%
43,AD-613_J15,98%
0,AAA015_A04,98%
1,AAA015_L02,98%
2,AAA298_C11,98%
3,AAA298_C20,*
4,AG-313-A04,99%
5,AG-313-G19,98%
6,AG-319-G21,98%
7,AG-325-C03,98%
8,AG-325-E13,99%
9,AG-325-F21,99%
10,AG-325-G04,98%
11,AG-325-G19,98%
12,AG-325-I02,99%
13,AG-325-J13,99%
14,AG-325-N05,98%
15,AG-325-O09,98%
16,AG-325-O20,98%
17,AG-325-P05,98%
18,AG-325-P18,99%
19,AG-333-F08,98%
20,AG-333-G09,99%
21,AG-333-I20,98%
22,AG-333-P08,99%
23,AG-333-P13,98%
24,AG-337-E15,99%
25,AG-337-E16,99%
26,AG-337-J20,99%
27,AG-337-K03,97%
28,AG-343-K22,99%
29,AG-349-C11,99%
30,AG-349-D08,99%
31,AG-349-F08,99%
32,AG-349-F15,99%
33,AG-349-F21,98%
34,AG-349-F22,99%
35,AG-349-G17,98%
36,AG-349-L08,99%
37,AG-349-M05,99%
38,AG-349-M13,99%
39,AG-349-N13,98%
40,AG-349-P08,99%
41,AG-349-P20,99%
42,AG-404-B11,99%
43,AG-487_F10,98%
0,AD-606_A17,100%
1,AD-606_C10,100%
2,AD-606_C16,100%
3,AD-606_E23,100%
4,AD-606_F09,100%
5,AD-606_I11,100%
6,AD-606_J10,100%
7,AD-606_J22,100%
8,AD-606_K06,100%
9,AD-606_L15,100%
10,AD-606_M03,100%
11,AD-606_N11,99%
12,AD-606_O02,100%
13,AD-606_O08,100%
14,AD-606_P02,100%
15,AD-613_A22,100%
16,AD-613_B14,100%
17,AD-613_B17,100%
18,AD-613_C14,100%
19,AD-613_E13,99%
20,AD-613_E14,100%
21,AD-613_E19,99%
22,AD-613_F03,100%
23,AD-613_G15,100%
24,AD-613_K19,100%
25,AD-613_K20,100%
26,AD-613_L16,99%
27,AD-613_M16,99%
28,AD-613_M22,100%
29,AD-613_N21,100%
30,AD-613_O05,100%
31,AD-613_O13,100%
32,AD-613_O18,99%
33,AD-613_P03,*
34,AD-613_P07,100%
35,AD-615_F09,100%
36,AD-615_F19,99%
37,AD-615_K15,100%
38,AD-615_K20,99%
39,AD-615_O11,100%
0,AB-747_C02,100%
1,AB-747_G03,100%
2,AB-747_K03,100%
3,AB-747_M23,100%
4,AB-750_D05,100%
5,AB-750_E14,100%
6,AB-750_E20,100%
7,AB-750_F09,100%
8,AB-750_I17,100%
9,AB-750_I20,100%
10,AB-750_J02,100%
11,AB-750_J14,99%
12,AB-750_J19,100%
13,AB-750_M07,100%
14,AB-750_N05,99%
15,AB-750_O16,100%
16,AB-750_P08,100%
17,AB-750_P18,100%
18,AB-750_P19,100%
19,AB-750_P23,100%
20,AB-751_C06,99%
21,AB-751_D06,100%
22,AB-751_D15,100%
23,AB-751_E15,*
24,AB-751_E19,100%
25,AB-751_F14,99%
26,AB-751_G19,100%
27,AB-751_I07,100%
28,AB-751_I08,100%
29,AB-751_J13,99%
30,AB-751_K16,99%
31,AB-751_L05,100%
32,AB-751_L11,100%
33,AB-751_M16,100%
34,AB-751_N21,100%
35,AB-751_P15,100%
36,AB-755_A14,100%
0,AAA298_N10,*
1,AB-746_J07,97%
2,AB-747_I08,97%
3,AG-325-B21,97%
4,AG-325-C09,97%
5,AG-325-I23,97%
6,AG-325-J11,97%
7,AG-325-O22,97%
8,AG-325-P10,98%
9,AG-325-P15,97%
10,AG-325-P20,98%
11,AG-333-B09,97%
12,AG-333-D17,99%
13,AG-333-I02,98%
14,AG-333-J13,97%
15,AG-333-M20,98%
16,AG-333-P16,98%
17,AG-337-A06,97%
18,AG-337-E05,97%
19,AG-337-G10,98%
20,AG-337-G16,97%
21,AG-337-K22,97%
22,AG-337-O18,98%
23,AG-337-P19,97%
24,AG-343-G10,98%
25,AG-343-N09,97%
26,AG-349-C03,98%
27,AG-349-I18,98%
28,AG-349-K16,98%
29,AG-349-M22,98%
30,AG-349-P09,98%
31,AG-404-A04,98%
32,AG-404-F23,97%
33,AG-404-K11,99%
34,AG-404-N17,97%
0,AAA298_F10,98%
1,AAA298_O13,*
2,AG-313-N13,97%
3,AG-319-C13,97%
4,AG-319-D07,97%
5,AG-319-E03,97%
6,AG-319-J07,97%
7,AG-325-B13,98%
8,AG-325-E10,98%
9,AG-325-F23,97%
10,AG-325-O18,97%
11,AG-325-P09,98%
12,AG-333-D23,97%
13,AG-333-G08,97%
14,AG-333-K22,98%
15,AG-333-O07,97%
16,AG-337-A07,97%
17,AG-337-B07,98%
18,AG-337-D08,98%
19,AG-337-F02,98%
20,AG-337-I02,97%
21,AG-337-M04,97%
22,AG-337-M09,97%
23,AG-337-P18,97%
24,AG-337-P21,98%
25,AG-343-B14,97%
26,AG-343-E20,98%
27,AG-343-L18,98%
28,AG-343-M03,97%
29,AG-349-O15,98%
30,AG-404-B13,98%
31,AG-404-D18,98%
32,AG-404-I07,98%
33,AG-404-N08,97%
34,AG-485_O20,97%
0,AAA001_A19,98%
1,AAA001_B20,99%
2,AAA001_D19,98%
3,AAA001_E10,100%
4,AAA001_G21,98%
5,AAA001_I18,99%
6,AAA001_J20,99%
7,AAA003_E23,99%
8,AAA003_G11,99%
9,AAA003_G15,*
10,AAA003_I10,100%
11,AAA003_I22,98%
12,AAA003_O08,99%
13,AAA003_O17,98%
14,AAA007_N15,99%
15,AAA007_N23,97%
16,AAA008_A08,99%
17,AAA008_C15,99%
18,AAA008_E15,99%
19,AAA008_E18,98%
20,AAA008_G11,97%
21,AAA008_K16,99%
22,AAA008_M23,99%
23,AAA008_N07,97%
24,AAA008_P03,97%
25,AAA288_B07,99%
26,AAA288_B11,97%
27,AAA288_D10,100%
28,AAA288_E03,100%
29,AAA288_I14,98%
30,AAA288_O07,99%
31,AC-312_E06,99%
32,AC-312_N11,98%
0,AAA001_C06,98%
1,AAA001_D08,98%
2,AAA003_D21,98%
3,AAA003_F20,98%
4,AAA003_M10,97%
5,AAA003_N17,98%
6,AAA007_F19,97%
7,AAA008_D03,97%
8,AAA008_D09,97%
9,AAA008_D14,98%
10,AAA008_E11,97%
11,AAA008_F09,97%
12,AAA008_G05,97%
13,AAA008_I14,97%
14,AAA008_L05,97%
15,AAA008_M13,97%
16,AAA008_N20,97%
17,AAA288_C02,97%
18,AAA288_C03,97%
19,AAA288_C23,*
20,AAA288_E17,98%
21,AAA288_F15,97%
22,AAA288_G10,98%
23,AAA288_G22,98%
24,AAA288_J21,98%
25,AAA288_K06,98%
26,AAA288_M03,98%
27,AAA288_M10,97%
28,AC-312_O23,97%
29,AG-333-J14,98%
30,AG-487_C17,97%
0,AAA015_C03,98%
1,AAA015_K13,98%
2,AG-313-D09,97%
3,AG-325-B18,98%
4,AG-325-D02,*
5,AG-325-D05,98%
6,AG-325-D09,98%
7,AG-333-C10,100%
8,AG-333-C14,99%
9,AG-333-I08,99%
10,AG-333-L06,98%
11,AG-333-L20,100%
12,AG-333-M05,99%
13,AG-337-B02,99%
14,AG-337-E03,98%
15,AG-337-E07,99%
16,AG-337-G05,98%
17,AG-337-G06,99%
18,AG-337-G09,99%
19,AG-337-J23,99%
20,AG-337-L09,98%
21,AG-343-D20,99%
22,AG-343-I15,97%
23,AG-343-K04,97%
24,AG-404-C22,98%
25,AG-404-E05,98%
26,AG-404-I20,98%
27,AG-404-N21,98%
28,AG-404-P01,98%
0,AD-305_A20,100%
1,AD-305_G20,100%
2,AD-305_G21,100%
3,AD-305_I11,100%
4,AD-305_J03,100%
5,AD-305_K21,100%
6,AD-305_L20,100%
7,AD-305_M09,100%
8,AD-305_O11,100%
9,AD-305_P16,100%
10,AD-305_P23,100%
11,AD-308_A09,99%
12,AD-308_D03,*
13,AD-308_D06,100%
14,AD-308_D21,100%
15,AD-308_E07,100%
16,AD-308_J04,100%
17,AD-308_L11,100%
18,AD-308_N15,100%
19,AD-308_O17,100%
20,AD-311_B07,100%
21,AD-311_C03,100%
22,AD-311_C04,100%
23,AD-311_C13,100%
24,AD-311_E09,100%
25,AD-311_E19,100%
26,AD-311_M02,100%
0,AAA288_E22,*
1,AAA288_P05,98%
2,AD-602_B21,98%
3,AD-602_C06,98%
4,AD-602_C11,98%
5,AD-602_D23,98%
6,AD-602_E13,98%
7,AD-602_E15,98%
8,AD-604_B14,98%
9,AD-604_E09,98%
10,AD-604_E21,98%
11,AD-604_F19,98%
12,AD-604_G10,98%
13,AD-604_G11,98%
14,AD-606_C15,98%
15,AD-606_N09,98%
16,AD-606_P21,98%
17,AD-613_A19,98%
18,AD-613_C23,98%
19,AD-613_E18,98%
20,AD-613_I07,98%
21,AD-615_G19,99%
22,AG-333-F04,97%
23,AG-343-D17,97%
24,AG-343-E17,98%
25,AG-343-J14,97%
26,AG-404-A20,97%
0,AAA298_B04,98%
1,AAA298_L21,98%
2,AAA298_M23,*
3,AG-313-A14,98%
4,AG-325-A23,99%
5,AG-325-C06,99%
6,AG-325-D16,99%
7,AG-325-G13,98%
8,AG-325-J07,99%
9,AG-325-K14,99%
10,AG-325-L06,99%
11,AG-325-L20,99%
12,AG-333-K07,98%
13,AG-333-O11,98%
14,AG-333-P21,98%
15,AG-337-B20,99%
16,AG-337-C02,99%
17,AG-337-D22,99%
18,AG-337-K21,99%
19,AG-337-M07,99%
20,AG-337-M16,99%
21,AG-337-P20,99%
22,AG-349-C15,99%
23,AG-349-E10,99%
24,AG-349-L03,99%
25,AG-404-P08,99%
0,AAA015_A15,98%
1,AAA015_B08,99%
2,AAA015_I11,98%
3,AAA015_N04,98%
4,AB-747_D06,98%
5,AB-747_O14,98%
6,AG-313-J08,*
7,AG-313-P10,99%
8,AG-319-K14,98%
9,AG-325-B04,99%
10,AG-325-F22,99%
11,AG-325-N20,99%
12,AG-325-O10,99%
13,AG-333-P07,99%
14,AG-333-P11,98%
15,AG-337-F18,99%
16,AG-337-F19,99%
17,AG-337-G02,99%
18,AG-337-G22,99%
19,AG-337-L07,99%
20,AG-337-M03,99%
21,AG-337-N21,99%
22,AG-337-O10,99%
23,AG-337-O15,99%
24,AG-343-C16,98%
25,AG-349-B02,98%
0,AAA015_P14,98%
1,AB-746_E14,98%
2,AB-746_N05,97%
3,AG-313-A10,*
4,AG-313-A20,99%
5,AG-313-D11,99%
6,AG-313-D15,99%
7,AG-313-J14,99%
8,AG-313-L10,99%
9,AG-313-M11,99%
10,AG-313-N18,99%
11,AG-313-O08,99%
12,AG-313-P16,99%
13,AG-319-B18,99%
14,AG-319-E22,99%
15,AG-319-K08,98%
16,AG-319-L11,98%
17,AG-325-E16,99%
18,AG-333-O04,98%
19,AG-333-P15,99%
20,AG-337-O06,99%
21,AG-487_A05,99%
22,AG-487_D06,98%
23,AG-487_E08,99%
24,AG-487_F17,99%
0,AB-746_J14,99%
1,AB-746_O23,99%
2,AB-747_H08,99%
3,AB-747_J10,99%
4,AB-750_B07,99%
5,AB-750_C04,99%
6,AB-750_C21,99%
7,AB-751_E20,99%
8,AB-751_G15,99%
9,AB-751_K14,99%
10,AB-754_A03,99%
11,AB-754_A14,99%
12,AB-754_J10,99%
13,AB-755_D07,99%
14,AB-755_F03,99%
15,AB-755_K22,99%
16,AB-755_M23,99%
17,AB-755_N03,99%
18,AB-755_N04,*
19,AB-755_P17,99%
20,AG-485_B23,99%
21,AG-485_I15,99%
22,AG-485_J19,99%
23,AG-487_D05,99%
24,AG-487_P18,99%
0,AB-747_A08,99%
1,AB-747_D16,99%
2,AB-747_F05,99%
3,AB-747_F10,99%
4,AG-313-B20,99%
5,AG-313-B22,100%
6,AG-313-G08,100%
7,AG-313-I10,100%
8,AG-313-K08,100%
9,AG-313-P09,98%
10,AG-319-L16,*
11,AG-319-P17,98%
12,AG-325-B06,97%
13,AG-325-M19,98%
14,AG-325-P04,98%
15,AG-333-B22,97%
16,AG-337-B04,97%
17,AG-337-C17,97%
18,AG-349-G13,97%
19,AG-349-M21,97%
20,AG-485_G17,98%
21,AG-485_J05,98%
22,AG-487_C08,100%
23,AG-487_K08,100%
0,AC-312_A11,100%
1,AC-312_C19,97%
2,AC-312_E07,98%
3,AC-312_E20,98%
4,AC-312_I04,*
5,AC-312_J09,99%
6,AC-312_L05,99%
7,AC-337_E14,98%
8,AC-337_F14,97%
9,AC-337_G05,98%
10,AC-337_K23,97%
11,AC-337_L13,98%
12,AC-337_M22,97%
13,AC-337_N04,98%
14,AD-606_K19,100%
15,AD-606_O19,99%
16,AD-613_B23,99%
17,AD-613_I04,97%
18,AD-613_K07,100%
19,AD-613_N15,97%
20,AD-615_D11,100%
0,AAA001_E03,*
1,AAA007_C17,97%
2,AAA007_E15,98%
3,AAA007_E18,98%
4,AAA007_L04,97%
5,AAA007_N19,97%
6,AAA007_O23,97%
7,AAA008_B15,97%
8,AAA008_E02,98%
9,AAA008_K07,98%
10,AAA288_C14,99%
11,AAA288_D22,98%
12,AAA288_E09,98%
13,AAA288_E15,98%
14,AAA288_F11,97%
15,AAA288_G02,97%
16,AAA288_J07,98%
17,AAA288_J11,98%
18,AAA288_J14,97%
19,AAA288_N15,98%
20,AAA288_N23,98%
0,AD-615_M23,98%
1,AG-313-O07,98%
2,AG-313-P03,98%
3,AG-319-A11,98%
4,AG-319-M23,98%
5,AG-319-O04,98%
6,AG-319-O13,98%
7,AG-325-A22,99%
8,AG-325-N10,98%
9,AG-333-A20,98%
10,AG-333-L15,99%
11,AG-343-F18,99%
12,AG-343-J11,98%
13,AG-343-L05,98%
14,AG-343-O23,98%
15,AG-349-I14,*
16,AG-349-I23,99%
17,AG-404-I18,97%
18,AG-487_C05,98%
19,AG-487_J02,98%
0,AB-746_C03,97%
1,AB-746_O07,98%
2,AB-746_P17,97%
3,AB-747_I21,97%
4,AB-747_I23,97%
5,AB-747_M21,98%
6,AG-313-D22,98%
7,AG-313-I14,97%
8,AG-313-J10,97%
9,AG-313-J22,97%
10,AG-313-L05,97%
11,AG-313-O11,97%
12,AG-319-A09,99%
13,AG-319-C06,100%
14,AG-319-F21,*
15,AG-319-G02,99%
16,AG-319-I02,99%
17,AG-319-J05,100%
18,AG-485_N06,97%
19,AG-487_A19,99%
0,AAA003_C16,99%
1,AAA003_E20,99%
2,AAA003_G17,99%
3,AAA008_D05,99%
4,AAA240_O22,98%
5,AAA288_C20,97%
6,AAA288_E23,97%
7,AAA288_L15,98%
8,AAA288_L16,98%
9,AAA288_O16,*
10,AB-746_E20,97%
11,AB-746_G23,97%
12,AB-747_L02,98%
13,AB-755_F05,98%
14,AC-312_D19,97%
15,AG-487_K18,99%
16,JGI_01_K18_750m,97%
17,JGI_01_I12_750m,97%
0,AD-308_A11,*
1,AD-308_O02,98%
2,AD-308_P14,98%
3,AD-311_A21,98%
4,AD-311_B03,98%
5,AD-311_B21,98%
6,AD-311_C14,98%
7,AD-311_D16,99%
8,AD-311_K03,99%
9,AD-311_K10,98%
10,AD-311_L07,98%
11,AD-311_M05,100%
12,AD-311_M23,99%
13,AD-311_O05,98%
14,AD-311_O08,99%
15,AD-311_O10,99%
16,AD-311_O16,98%
0,AAA298_D07,99%
1,AAA300_B04,99%
2,AAA300_G09,98%
3,AAA300_G13,*
4,AAA300_I06,99%
5,AAA300_J19,99%
6,AAA300_K03,98%
7,AAA300_K11,98%
8,AAA300_K16,97%
9,AAA300_L07,99%
10,AAA300_L09,97%
11,AAA300_M10,97%
12,AAA300_M22,98%
13,AAA300_N06,97%
14,AAA300_N18,99%
15,AAA300_O17,99%
0,AB-750_I05,98%
1,AG-485_B22,99%
2,AG-485_F11,97%
3,AG-485_F15,100%
4,AG-485_J18,97%
5,AG-485_K11,100%
6,AG-485_K19,100%
7,AG-485_L02,98%
8,AG-485_M02,100%
9,AG-485_N09,100%
10,AG-485_P16,99%
11,AG-487_C18,100%
12,AG-487_D15,*
13,AG-487_E22,100%
14,AG-487_M14,99%
0,AAA001_A18,99%
1,AAA001_E14,99%
2,AAA003_C18,99%
3,AAA003_F06,99%
4,AAA003_F15,99%
5,AAA003_G02,99%
6,AAA003_J20,98%
7,AAA003_P20,99%
8,AAA007_B20,98%
9,AAA007_G04,*
10,AC-312_G19,99%
11,AC-337_C05,98%
12,AC-337_M17,98%
13,AD-615_D17,99%
14,AG-319-M03,99%
0,AAA015_D02,98%
1,AAA015_D07,99%
2,AAA015_M09,100%
3,AAA015_N08,98%
4,AAA015_N09,98%
5,AG-325-D08,99%
6,AG-325-J06,99%
7,AG-333-C02,*
8,AG-333-G15,99%
9,AG-337-K14,98%
10,AG-337-O17,99%
11,AG-349-C17,98%
12,AG-349-L05,98%
13,AG-404-J06,98%
0,AG-325-B11,97%
1,AG-333-A21,99%
2,AG-333-G05,97%
3,AG-333-G23,100%
4,AG-343-C03,*
5,AG-343-C08,100%
6,AG-343-K18,100%
7,AG-343-M08,100%
8,AG-343-N10,100%
9,AG-404-B23,100%
10,AG-404-I14,97%
11,AG-404-N18,100%
12,AG-404-P04,99%
0,AAA001_B06,99%
1,AAA001_C02,99%
2,AAA001_D14,99%
3,AAA001_I14,99%
4,AAA001_J17,99%
5,AAA003_D11,*
6,AAA003_G07,99%
7,AAA288_B04,97%
8,AAA288_E04,99%
9,AAA288_G06,97%
10,AAA288_G19,99%
11,AAA288_K02,99%
12,AAA288_N06,97%
0,AB-746_F17,99%
1,AB-746_M23,99%
2,AB-746_N19,98%
3,AB-746_O11,100%
4,AB-746_O14,99%
5,AB-747_G16,99%
6,AG-485_D14,99%
7,AG-485_G10,99%
8,AG-487_A10,99%
9,AG-487_C03,*
10,AG-487_K17,99%
11,AG-487_L18,100%
12,AG-487_O16,99%
0,AAA003_J13,99%
1,AAA008_K15,99%
2,AAA008_N14,99%
3,AAA008_P23,*
4,AAA240_K17,99%
5,AAA288_A10,99%
6,AAA288_C11,99%
7,AAA288_C17,99%
8,AAA288_D04,98%
9,AAA288_I17,98%
10,AAA288_N08,99%
11,AAA288_O22,100%
12,AAA288_P18,99%
0,AAA015_N18,99%
1,AG-325-A15,97%
2,AG-325-A20,*
3,AG-325-B03,99%
4,AG-325-I11,97%
5,AG-325-K13,97%
6,AG-333-B15,97%
7,AG-333-M15,97%
8,AG-337-D03,98%
9,AG-337-N11,97%
10,AG-404-D10,99%
11,AG-404-K15,97%
0,AAA015_O20,99%
1,AG-333-P02,99%
2,AG-337-A20,100%
3,AG-337-B16,100%
4,AG-337-B18,99%
5,AG-337-F08,100%
6,AG-337-G03,99%
7,AG-337-G20,99%
8,AG-337-L20,*
9,AG-337-N15,99%
10,AG-337-P23,100%
11,AG-349-J13,99%
0,AAA015_O21,99%
1,AG-313-A15,99%
2,AG-313-F11,99%
3,AG-313-I08,100%
4,AG-313-N09,*
5,AG-333-B03,98%
6,AG-333-D18,99%
7,AG-333-P09,99%
8,AG-337-I16,99%
9,AG-337-L21,97%
10,AG-349-O06,98%
0,AAA001_C10,99%
1,AAA003_P17,*
2,AAA007_D22,99%
3,AAA007_O02,99%
4,AAA240_A22,99%
5,AAA240_I05,100%
6,AAA240_M06,99%
7,AAA240_M21,99%
8,AAA240_O02,99%
9,AAA288_A21,99%
10,JGI_01_H13_750m,99%
0,AAA003_L20,98%
1,AAA007_E08,99%
2,AAA240_C06,99%
3,AAA240_C07,99%
4,AAA240_G13,99%
5,AAA240_I03,98%
6,AAA240_I21,*
7,AAA240_L21,99%
8,AAA240_O06,99%
9,AC-312_C17,98%
0,AAA300_F14,98%
1,AAA300_F15,*
2,AAA300_F22,98%
3,AAA300_I09,98%
4,AAA300_J07,98%
5,AAA300_K15,98%
6,AAA300_L15,100%
7,AAA300_M04,97%
8,AAA300_N07,98%
9,AAA300_N14,97%
0,AAA008_G20,*
1,AC-337_C22,97%
2,AC-337_P14,97%
3,AD-604_I09,97%
4,AD-606_K02,97%
5,AD-613_E10,97%
6,AD-613_G07,97%
7,AD-613_P23,97%
8,AD-615_J06,97%
9,AG-343-L17,97%
0,AAA015_C19,97%
1,AAA298_P13,99%
2,AAA300_B11,99%
3,AAA300_C15,97%
4,AAA300_J16,99%
5,AAA300_K18,99%
6,AAA300_M07,*
7,AG-325-F08,98%
8,AG-333-K16,97%
9,AG-337-M22,98%
0,AAA015_L03,99%
1,AAA015_O19,99%
2,AAA300_J04,*
3,AG-313-F03,99%
4,AG-313-F06,99%
5,AG-313-G05,99%
6,AG-313-K02,99%
7,AG-343-P05,99%
8,AG-343-P20,99%
9,AG-349-F03,99%
0,AAA001_B14,*
1,AAA003_J10,98%
2,AAA008_G03,99%
3,AAA240_O10,99%
4,AAA288_D18,99%
5,AAA288_G05,99%
6,AAA288_K09,98%
7,AAA288_M04,99%
8,AAA288_M23,99%
9,AC-312_O02,97%
0,AAA003_F02,98%
1,AC-312_N19,98%
2,AC-312_O22,98%
3,AC-312_P03,98%
4,AC-337_A09,*
5,AC-337_A14,98%
6,AC-337_P19,99%
7,AD-615_G17,97%
8,AG-319-L19,97%
0,AB-746_F02,99%
1,AB-746_K08,97%
2,AB-746_O19,*
3,AB-747_A17,99%
4,AB-747_D08,99%
5,AB-747_K21,99%
6,AG-487_A14,99%
7,AG-487_B23,98%
8,AG-487_P03,99%
0,AD-308_B07,97%
1,AD-308_K11,97%
2,AD-311_A17,97%
3,AD-311_G11,97%
4,AD-311_J05,97%
5,AD-311_J07,97%
6,AD-311_M06,97%
7,AD-311_P07,97%
8,AD-604_O10,*
0,AD-606_D20,97%
1,AD-606_D22,*
2,AD-606_M19,99%
3,AD-613_C19,99%
4,AD-613_E15,99%
5,AD-613_F21,97%
6,AD-613_G23,99%
7,AD-613_J09,97%
8,AD-613_O14,99%
0,AAA001_N08,98%
1,AAA003_A04,98%
2,AAA003_L10,99%
3,AAA008_E13,*
4,AAA008_L15,97%
5,AAA240_B19,97%
6,AAA288_E02,97%
7,AAA288_K11,98%
8,AB-747_N22,97%
0,AG-325-E20,99%
1,AG-337-C13,99%
2,AG-337-O03,*
3,AG-343-D23,98%
4,AG-343-F07,99%
5,AG-343-K15,99%
6,AG-343-O10,99%
7,AG-349-O21,98%
8,AG-404-C23,99%
0,AAA007_C05,97%
1,AAA007_C23,98%
2,AAA007_L17,98%
3,AAA240_D21,98%
4,AAA240_N22,*
5,AAA240_O04,98%
6,AD-604_A13,98%
7,AD-613_O09,97%
0,AAA007_G08,100%
1,AAA007_L19,99%
2,AAA240_A23,*
3,AAA240_J22,99%
4,AAA240_K19,99%
5,AAA240_M10,99%
6,AAA240_N17,99%
7,AAA288_M07,99%
0,AB-750_A02,97%
1,AB-750_L13,98%
2,AB-751_D09,98%
3,AB-755_E15,99%
4,AB-755_E16,*
5,AD-308_A18,97%
6,AD-311_B02,98%
7,AD-311_G18,98%
0,AG-319-L14,97%
1,AG-485_A05,100%
2,AG-485_A06,100%
3,AG-485_C10,100%
4,AG-485_E16,100%
5,AG-487_B15,99%
6,AG-487_F09,*
7,AG-487_N10,99%
0,AB-747_I04,98%
1,AB-747_O10,99%
2,AD-308_M10,98%
3,AG-313-L16,*
4,AG-319-J18,99%
5,AG-319-P21,99%
6,AG-485_F13,99%
7,AG-485_N18,99%
0,AB-747_A23,*
1,AB-747_C08,97%
2,AB-747_G23,97%
3,AB-747_L19,97%
4,AD-308_D18,97%
5,AD-308_L06,97%
6,AD-311_F18,97%
7,AG-487_B16,100%
0,AAA300_M14,*
1,AB-746_M13,97%
2,AB-747_I13,97%
3,AG-319-A16,97%
4,AG-319-F15,97%
5,AG-337-I11,97%
6,AG-487_B10,97%
7,AG-487_B13,97%
0,AB-747_E13,98%
1,AB-750_I16,97%
2,AB-751_N13,99%
3,AB-754_E18,97%
4,AB-755_D10,97%
5,AD-602_B17,99%
6,AD-613_D10,*
7,AG-319-C14,98%
0,AG-325-J18,99%
1,AG-337-L13,97%
2,AG-343-A23,99%
3,AG-343-G17,98%
4,AG-349-O16,99%
5,AG-404-G18,99%
6,AG-404-P14,99%
7,AG-487_P07,*
0,AB-746_I03,99%
1,AB-746_N09,99%
2,AB-747_D13,99%
3,AB-747_D21,99%
4,AB-747_P03,99%
5,AG-485_B17,99%
6,AG-487_D10,*
7,AG-487_L20,100%
0,AAA015_C13,99%
1,AG-337-E14,99%
2,AG-343-C07,99%
3,AG-343-G05,99%
4,AG-343-L10,*
5,AG-349-E18,99%
6,AG-349-J18,99%
7,AG-349-N17,99%
0,AB-746_E19,98%
1,AB-746_J03,*
2,AB-747_C16,97%
3,AB-750_C09,98%
4,AB-751_K03,98%
5,AB-751_P20,98%
6,AB-754_C07,97%
7,AB-754_J15,97%
0,AAA003_E14,99%
1,AAA008_E23,99%
2,AAA008_J11,98%
3,AAA008_N10,99%
4,AAA288_G03,99%
5,AAA288_G14,99%
6,AAA288_J20,99%
7,AAA288_P02,*
0,JGI_01_K9_25m,98%
1,JGI_01_L10_25m,98%
2,JGI_01_L19,98%
3,JGI_01_L16,98%
4,JGI_01_L14,97%
5,JGI_01_L7,*
6,JGI_01_L22_25m,98%
7,JGI_01_L8_25m,97%
0,AAA240_B14,98%
1,AAA288_I04,*
2,AAA288_N10,99%
3,AC-312_G03,99%
4,AC-312_N18,99%
5,AC-337_M13,98%
6,AC-337_P08,99%
0,AAA298_O21,*
1,AG-313-E10,97%
2,AG-325-E07,98%
3,AG-325-F09,98%
4,AG-325-I09,98%
5,AG-343-A14,97%
6,AG-349-C04,99%
0,AAA300_C03,98%
1,AAA300_E19,98%
2,AAA300_F09,*
3,AAA300_J09,99%
4,AAA300_K10,99%
5,AAA300_O08,98%
6,AAA300_P05,99%
0,AB-746_B09,97%
1,AG-313-D02,*
2,AG-313-L11,98%
3,AG-319-N19,99%
4,AG-319-P02,99%
5,AG-319-P05,99%
6,AG-333-I15,97%
0,AB-746_A15,99%
1,AG-313-C09,100%
2,AG-313-G15,*
3,AG-349-G14,97%
4,AG-485_E18,100%
5,AG-485_O05,100%
6,AG-487_B06,100%
0,AAA015_N20,99%
1,AAA298_E14,*
2,AG-325-I20,98%
3,AG-333-G11,99%
4,AG-337-A15,98%
5,AG-343-F10,99%
6,AG-349-G10,97%
0,AAA008_P09,98%
1,AAA288_J03,*
2,AD-615_A05,99%
3,AG-333-D14,98%
4,AG-333-E23,98%
5,AG-404-E02,98%
6,AG-485_D13,97%
0,JGI_01_D11,98%
1,JGI_04_F11,98%
2,JGI_01_F13_500m,98%
3,JGI_02_H8,97%
4,JGI_01_K8,97%
5,JGI_02_J22,98%
6,JGI_02_G16,*
0,AAA298_D20,*
1,AG-333-D22,98%
2,AG-337-B17,98%
3,AG-337-D20,98%
4,AG-337-F11,98%
5,AG-349-N21,98%
0,AB-755_E11,97%
1,AD-308_C06,*
2,AD-308_L16,97%
3,AD-311_C09,100%
4,AD-311_I15,99%
5,AD-311_N17,100%
0,AAA003_E22,98%
1,AAA240_E11,*
2,AC-337_C06,98%
3,AC-337_E02,98%
4,AC-337_K10,98%
5,AD-606_L11,99%
0,AD-602_C09,99%
1,AD-604_A11,*
2,AD-604_K11,99%
3,AD-606_G21,98%
4,AD-606_M04,99%
5,AD-613_G22,99%
0,AB-746_B11,99%
1,AB-747_B18,*
2,AB-747_G07,99%
3,AB-747_O03,97%
4,AB-747_P11,99%
5,AB-747_P13,99%
0,AAA003_D09,99%
1,AAA003_M18,99%
2,AAA240_B22,99%
3,AAA240_E20,*
4,AAA240_I02,98%
5,AAA240_I08,98%
0,AG-337-J19,97%
1,AG-337-K18,98%
2,AG-337-N17,98%
3,AG-337-O13,98%
4,AG-337-P05,98%
5,AG-349-F19,*
0,AG-343-K13,99%
1,AG-404-F09,98%
2,AG-404-G02,*
3,AG-404-J17,98%
4,AG-404-L04,98%
5,AG-404-P05,98%
0,AAA003_M14,97%
1,AAA288_I19,97%
2,AAA288_L07,*
3,AAA288_P11,97%
4,AG-333-M04,97%
5,AG-343-D05,97%
0,AD-305_I20,*
1,AD-305_O09,100%
2,AD-311_C17,98%
3,AD-311_D04,98%
4,AD-311_G03,100%
5,AD-311_N04,98%
0,AB-746_A03,100%
1,AB-747_B17,99%
2,AB-747_I09,99%
3,AB-747_P14,*
4,AD-308_K15,99%
5,AG-313-M16,98%
0,AG-485_B13,*
1,AG-485_C07,100%
2,AG-485_G19,100%
3,AG-485_J11,99%
4,AG-485_K07,100%
5,AG-485_N19,99%
0,AG-343-E13,97%
1,AG-349-M09,*
2,AG-404-G22,97%
3,AG-404-I10,98%
4,AG-404-K03,98%
5,AG-404-M13,97%
0,AAA001_B21,99%
1,AAA003_G23,*
2,AAA007_J18,98%
3,AAA007_L08,98%
4,AAA288_C18,99%
5,AC-312_P17,100%
0,JGI_01_L9_1000m,97%
1,JGI_01_I13_4000m,97%
2,JGI_01_F7_4000m,98%
3,JGI_01_D16_4000m,98%
4,JGI_01_J21_4000m,98%
5,JGI_01_J8_4000m,*
0,JGI_01_K4_750m,98%
1,JGI_01_C21_750m,*
2,JGI_01_J14_750m,97%
3,JGI_01_L12_750m,98%
4,JGI_01_H17_750m,98%
5,JGI_01_E22_750m,98%
0,AB-751_C07,100%
1,AB-754_G05_AB-905,99%
2,AB-754_G05_AB-908,99%
3,AB-755_N05,100%
4,AB-755_O11,*
0,AAA003_J17,100%
1,AAA007_K07,99%
2,AAA240_B16,98%
3,AAA240_C04,98%
4,AAA240_L09,*
0,AAA300_B14,98%
1,AAA300_D13,97%
2,AAA300_F17,99%
3,AAA300_I05,98%
4,AAA300_K04,*
0,AAA300_C14,99%
1,AAA300_G02,*
2,AAA300_J02,98%
3,AAA300_M03,97%
4,AAA300_N11,98%
0,AAA240_O14,98%
1,AAA288_D02,*
2,AC-312_E04,99%
3,AC-312_G14,99%
4,AC-312_N10,98%
0,AAA008_C03,99%
1,AAA288_M09,*
2,AB-746_J08,97%
3,AG-319-B23,98%
4,AG-319-D20,98%
0,AD-602_M15,100%
1,AD-602_N15,100%
2,AD-604_A10,99%
3,AD-606_B15,99%
4,AD-613_C16,*
0,AAA240_M22,*
1,AC-312_F10,97%
2,AC-312_I16,97%
3,AC-312_N23,99%
4,AG-485_J08,97%
0,AAA007_A11,97%
1,AAA240_E08,98%
2,AAA240_F09,*
3,AC-337_J20,99%
4,AC-337_K21,98%
0,AAA003_A14,99%
1,AAA240_B06,98%
2,AAA240_G05,*
3,AB-746_K07,97%
4,AC-312_N03,98%
0,AG-325-D23,*
1,AG-337-I09,99%
2,AG-337-I17,99%
3,AG-337-O04,99%
4,AG-337-O23,99%
0,AAA015_J07,98%
1,AAA300_B22,*
2,AB-746_M20,98%
3,AG-325-I21,98%
4,AG-325-K06,98%
0,AAA015_N17,98%
1,AG-319-F03,*
2,AG-333-N20,99%
3,AG-343-K16,99%
4,AG-404-L16,97%
0,AD-305_D21,99%
1,AD-305_E20,*
2,AD-305_M18,99%
3,AD-305_M19,99%
4,AD-311_D06,100%
0,AAA008_E17,99%
1,AAA288_C05,99%
2,AAA288_D11,*
3,AAA288_F20,98%
4,AAA288_O17,99%
0,AAA007_G17,100%
1,AAA008_A20,99%
2,AAA008_I15,98%
3,AAA288_K05,*
4,AAA288_K20,99%
0,AAA001_M20,99%
1,AAA007_K19,99%
2,AAA007_K21,99%
3,AAA240_O13,*
0,AB-747_B08,97%
1,AB-747_I14,99%
2,AG-404-B15,97%
3,AG-485_I16,*
0,AB-750_O19,99%
1,AB-750_P20,*
2,AB-754_O11,99%
3,AB-755_O14,98%
0,AAA300_K05,*
1,AG-325-F04,99%
2,AG-337-E21,97%
3,AG-337-I22,98%
0,AD-604_C09,*
1,AD-604_D17,100%
2,AD-606_K03,99%
3,AD-615_O19,99%
0,AAA300_I04,*
1,AG-325-L09,98%
2,AG-337-I08,99%
3,AG-337-K17,99%
0,AB-746_C18,99%
1,AG-313-E13,*
2,AG-313-M04,99%
3,AG-319-K05,99%
0,AB-746_O22,97%
1,AB-747_A05,99%
2,AB-747_C03,*
3,AB-747_E05,99%
0,AD-606_M13,98%
1,AD-606_O13,*
2,AD-613_D17,98%
3,AD-613_I11,98%
0,AG-319-C21,*
1,AG-319-I23,99%
2,AG-337-L06,98%
3,AG-349-I08,98%
0,AAA003_L19,97%
1,AAA003_N08,97%
2,AG-319-M17,*
3,AG-319-O23,100%
0,AD-305_E21,99%
1,AD-305_I09,100%
2,AD-305_K16,100%
3,AD-308_N14,*
0,AAA007_L14,97%
1,AAA008_D23,97%
2,AAA008_I19,*
3,AC-312_D23,97%
0,AAA008_A11,*
1,AAA008_A14,97%
2,AAA288_P21,97%
3,AG-485_F08,97%
0,AD-606_D07,*
1,AD-615_C03,100%
2,AD-615_D09,100%
3,AD-615_J23,100%
0,AAA015_I14,99%
1,AAA300_G20,*
2,AG-343-C15,97%
3,AG-343-O03,97%
0,AAA001_G11,97%
1,AAA003_A09,98%
2,AAA008_M19,*
3,AC-312_G09,98%
0,AG-337-B03,98%
1,AG-337-B08,98%
2,AG-337-E20,98%
3,AG-337-K23,*
0,AD-602_O02,99%
1,AD-602_O05,100%
2,AD-604_P18,*
3,AD-613_J10,99%
0,AD-606_B18,*
1,AD-613_L17,100%
2,AD-613_L21,99%
3,AD-615_M11,100%
0,AB-750_G21,*
1,AB-750_M03,100%
2,AB-751_D03,100%
3,AB-751_F19,99%
0,AAA001_C22,97%
1,AAA001_J21,97%
2,AAA240_A16,97%
3,AAA240_N03,*
0,AAA001_F05,98%
1,AAA007_M09,98%
2,AAA240_N13,*
3,JGI_01_I6_750m,98%
0,AAA007_C21,99%
1,AAA007_M20,99%
2,AAA288_A08,*
3,AAA288_D03,98%
0,AAA008_O02,*
1,AAA240_P07,99%
2,JGI_01_M10_750m,98%
3,JGI_01_G13_750m,97%
0,AAA288_E05,*
1,AD-613_O15,97%
2,AG-404-J18,98%
0,AAA003_J03,99%
1,AAA007_D04,98%
2,AAA240_C10,*
0,AAA298_E02,99%
1,AAA300_O09,*
2,AG-333-B18,99%
0,AAA298_K20,*
1,AG-333-J06,97%
2,AG-349-I04,99%
0,AAA300_D14,*
1,AG-325-G05,97%
2,AG-325-O23,98%
0,AD-305_C13,*
1,AD-305_C18,100%
2,AD-305_P20,100%
0,AAA003_M16,100%
1,AAA007_N20,*
2,AC-312_L04,99%
0,AAA298_C17,*
1,AG-337-A21,97%
2,AG-337-J16,97%
0,AD-305_I17,100%
1,AD-305_K10,99%
2,AD-308_J13,*
0,AG-343-I11,99%
1,AG-343-O21,*
2,AG-404-L18,99%
0,AG-333-E20,100%
1,AG-343-L09,98%
2,AG-404-E09,*
0,AB-746_I02,98%
1,AB-747_B03,*
2,AB-747_O05,99%
0,AG-333-I18,99%
1,AG-333-M10,*
2,AG-343-M05,99%
0,AB-746_F20,*
1,AB-747_E22,100%
2,AB-747_P19,100%
0,AG-333-A02,99%
1,AG-333-C09,*
2,AG-349-E15,99%
0,AB-746_A08,*
1,AG-313-N22,99%
2,AG-485_M09,99%
0,AD-606_L04,99%
1,AD-613_A02,*
2,AD-613_K14,99%
0,AG-313-M18,98%
1,AG-333-M07,97%
2,AG-487_O05,*
0,AD-308_C10,*
1,AD-308_G22,100%
2,AD-308_N10,100%
0,AG-333-A13,100%
1,AG-333-D04,98%
2,AG-333-F02,*
0,AG-349-A01,99%
1,AG-349-E07,*
2,AG-349-J05,99%
0,AB-746_B13,97%
1,AG-319-O07,*
2,AG-485_B16,98%
0,AB-746_A06,98%
1,AB-747_L07,*
2,AG-487_A21,98%
0,AG-325-J22,99%
1,AG-333-C15,*
2,AG-349-M14,97%
0,AAA015_F14,99%
1,AAA298_D17,*
2,AG-313-A07,97%
0,AAA015_G22,98%
1,AG-333-J11,98%
2,AG-333-J15,*
0,AD-305_F08,98%
1,AD-305_P04,*
2,AD-311_L17,99%
0,AD-305_M11,100%
1,AD-308_C19,*
2,AD-311_B20,100%
0,AAA288_L17,99%
1,AAA288_L21,*
2,AAA288_M18,97%
0,AD-305_F10,100%
1,AD-311_B19,*
2,AD-311_K14,99%
0,AG-343-E15,*
1,AG-343-F05,99%
2,AG-404-G21,99%
0,AD-602_P07,99%
1,AD-604_D05,*
2,AD-604_M14,99%
0,AD-308_G13,100%
1,AD-308_N23,*
2,AD-311_L03,98%
0,AAA015_O14,97%
1,AG-349-I06,97%
2,AG-404-D03,*
0,AD-606_E16,*
1,AG-404-G03,99%
2,AG-487_P20,100%
0,AB-746_E10,*
1,AC-312_M21,97%
2,AD-613_B20,97%
0,AB-750_C20,98%
1,AB-754_A21,*
2,AB-754_M03,99%
0,AB-754_N19,99%
1,AB-755_J21,100%
2,AB-755_O19,*
0,AAA001_L13,*
1,AAA288_A16,99%
2,AC-312_E17,99%
0,AC-337_L17,99%
1,AG-487_I20,*
2,AG-487_P23,99%
0,JGI_02_H13,*
1,JGI_02_I9,98%
2,JGI_02_J10,99%
0,AAA007_O21,99%
1,AAA240_D14,*
2,AAA240_N07,98%
0,JGI_02_I16,*
1,JGI_02_H16,97%
2,JGI_02_H17,98%
0,JGI_04_M9,97%
1,JGI_02_E13,98%
2,JGI_04_M14,*
0,JGI_01_F20_4000m,*
1,JGI_01_G17_4000m,97%
2,JGI_01_F21_200m,97%
0,JGI_01_J19_4000m,98%
1,JGI_01_D15_4000m,98%
2,JGI_01_G7_4000m,*
0,JGI_01_M13_750m,98%
1,JGI_01_K15_750m,*
2,JGI_01_L22_750m,99%
0,JGI_01_F6_750m,98%
1,JGI_01_L4_750m,*
2,JGI_01_I10_750m,98%
0,AAA240_I10,*
1,AC-312_N07,99%
0,AAA300_D11,*
1,AAA300_J03,99%
0,AB-746_N15,*
1,AB-747_M20,99%
0,AB-746_E08,99%
1,AB-746_P09,*
0,AAA240_P10,*
1,AD-602_N23,97%
0,AAA007_N14,*
1,AD-613_K17,99%
0,AAA240_D03,*
1,AAA240_E17,98%
0,AAA288_P03,*
1,AG-487_L17,98%
0,AD-308_B10,*
1,AD-311_P21,99%
0,AAA007_C02,*
1,AG-487_G17,98%
0,AAA007_G23,*
1,AC-312_N09,97%
0,AB-747_J13,*
1,AB-747_P18,99%
0,AAA240_L02,*
1,AC-312_D05,99%
0,AB-747_E16,*
1,AG-487_E03,99%
0,AG-313-K16,97%
1,AG-404-A21,*
0,AB-746_N13,*
1,AB-747_F21,99%
0,AAA300_N02,*
1,AC-337_G17,97%
0,AC-312_P08,*
1,AD-602_O21,99%
0,AB-747_B05,99%
1,AG-485_L14,*
0,AG-319-O21,*
1,AG-333-K17,98%
0,AB-747_D10,99%
1,AB-750_I23,*
0,AC-337_C14,*
1,AC-337_K15,99%
0,AD-305_A08,98%
1,AD-305_M21,*
0,AD-308_I18,*
1,AD-311_N07,100%
0,AG-343-J22,99%
1,AG-404-N02,*
0,AG-319-A13,99%
1,AG-319-C11,*
0,AB-747_I18,*
1,AB-747_N19,99%
0,AAA007_D21,*
1,AG-404-I19,98%
0,AB-746_E15,*
1,AD-308_M22,98%
0,AB-747_B10,100%
1,AB-747_K09,*
0,AG-325-E04,*
1,AG-404-C08,99%
0,AAA001_C21,99%
1,AAA008_I06,*
0,AG-313-J15,*
1,AG-319-E21,100%
0,AG-319-G14,*
1,AG-319-I06,99%
0,AB-751_N11,98%
1,AD-308_G09,*
0,AG-337-F13,99%
1,AG-349-I13,*
0,AAA240_O15,*
1,AC-312_J06,100%
0,AG-349-G18,97%
1,AG-404-F06,*
0,AB-746_C04,100%
1,AB-746_E13,*
0,AG-319-F16,*
1,AG-325-O11,97%
0,AG-337-J15,99%
1,AG-349-N09,*
0,AB-746_C02,*
1,AB-747_P06,98%
0,AAA008_J13,*
1,AAA288_I21,97%
0,AAA015_I13,99%
1,AAA300_B06,*
0,AAA300_O16,99%
1,AAA300_P08,*
0,AAA015_B23,99%
1,AAA300_C10,*
0,AB-755_F21,*
1,AD-311_A22,97%
0,AG-349-E17,*
1,AG-349-N18,99%
0,AAA240_E14,98%
1,AAA288_F19,*
0,AAA298_K06,*
1,AG-313-K19,98%
0,AG-343-B13,99%
1,AG-343-L11,*
0,AAA015_J04,98%
1,AG-337-G08,*
0,AG-343-G19,*
1,AG-404-C11,99%
0,AAA015_A20,98%
1,AG-325-G11,*
0,AAA015_M10,99%
1,AG-349-L06,*
0,AB-746_K19,100%
1,AB-754_I04,*
0,AB-747_M03,99%
1,AB-747_O04,*
0,AD-305_O13,100%
1,AD-308_A13,*
0,AG-333-F03,99%
1,AG-333-O13,*
0,AAA001_F21,*
1,AAA003_F21,98%
0,AB-747_B21,99%
1,AG-313-B09,*
0,AD-305_F23,*
1,AD-311_P09,100%
0,AG-337-I20,*
1,AG-349-L15,99%
0,AG-325-E02,99%
1,AG-343-M09,*
0,AD-305_M14,*
1,AD-305_N13,99%
0,AAA015_I02,99%
1,AG-325-M05,*
0,AG-487_A01,*
1,AG-487_F16,98%
0,AD-305_D14,*
1,AD-311_F07,100%
0,AB-747_I02,*
1,AD-311_N11,98%
0,AAA288_A23,*
1,AAA288_P07,99%
0,AG-487_F05,*
1,AG-487_M18,100%
0,AC-312_G04,98%
1,AG-485_D20,*
0,AG-487_L13,*
1,AG-487_N15,99%
0,AB-747_J19,100%
1,AB-747_K05,*
0,AC-312_F15,*
1,AC-312_G05,98%
0,AD-606_A14,*
1,AD-613_E21,99%
0,AAA288_D17,99%
1,AC-312_F18,*
0,JGI_01_I15,97%
1,JGI_01_K15,*
0,AAA008_O05,98%
1,AAA008_O18,*
0,JGI_02_G18,*
1,JGI_04_B9,99%
0,JGI_01_J20_4000m,97%
1,JGI_01_J13_4000m,*
0,AAA007_O11,*
1,AAA288_E19,98%
0,AAA007_A19,*
1,AAA288_E21,97%
0,JGI_01_G17,*
1,JGI_01_H11,98%
0,AAA007_C15,*
1,AAA240_P20,98%
0,JGI_01_H12,*
1,JGI_01_B19,98%
0,JGI_01_L5_1000m,*
1,JGI_01_L9,97%
0,AAA007_E03,*
1,JGI_01_F9_750m,98%
0,AAA240_I14,*
1,AAA288_A18,98%
0,JGI_01_E15,98%
1,JGI_01_L7_1000m,*
0,JGI_04_N12,97%
1,JGI_04_M17,*
0,JGI_01_I19_4000m,*
1,JGI_01_G21_4000m,97%
0,JGI_01_H16_500m,98%
1,JGI_01_D11_4000m,*
0,JGI_01_I12_4000m,97%
1,JGI_01_L11_4000m,*
0,JGI_02_J20,*
1,JGI_01_H16_25m,98%
0,JGI_01_G16_750m,98%
1,JGI_01_M9_750m,*
0,AAA003_L08,*
0,AB-751_F23,*
0,AB-755_J19,*
0,AB-755_L04,*
0,AB-755_I23,*
0,AAA240_M19,*
0,AAA007_E20,*
0,AAA240_I16,*
0,AAA240_O11,*
0,AAA240_L08,*
0,AAA007_I18,*
0,AAA240_L11,*
0,AAA008_C14,*
0,AAA240_M02,*
0,AAA007_E17,*
0,AAA007_J17,*
0,AAA240_C17,*
0,AAA007_K08,*
0,AAA007_L10,*
0,AAA240_E07,*
0,AAA240_G14,*
0,AAA300_I02,*
0,AAA007_P21,*
0,AAA240_J05,*
0,AAA298_D23,*
0,AAA300_D09,*
0,AAA300_D16,*
0,AD-305_G13,*
0,AAA007_F06,*
0,AAA240_C14,*
0,AAA240_J08,*
0,AAA240_K15,*
0,AAA300_E06,*
0,AD-606_N13,*
0,AD-308_C13,*
0,AAA007_B04,*
0,AB-755_M21,*
0,AAA007_O06,*
0,AAA240_O05,*
0,AAA007_D16,*
0,AB-746_P06,*
0,AG-325-I17,*
0,AAA007_A05,*
0,AAA300_C16,*
0,AB-750_C08,*
0,AG-404-P10,*
0,AAA240_B13,*
0,AAA240_C09,*
0,AAA240_C11,*
0,AAA240_C18,*
0,AAA240_E03,*
0,AAA300_E18,*
0,AAA240_B05,*
0,AD-308_O20,*
0,AAA240_P09,*
0,AD-305_L08,*
0,AD-305_N04,*
0,AG-319-P13,*
0,AG-337-P22,*
0,AAA240_F15,*
0,AC-312_G17,*
0,AAA240_F16,*
0,AC-337_B16,*
0,AD-305_C02,*
0,AG-404-B10,*
0,AAA003_K10,*
0,AB-750_O13,*
0,AD-311_A02,*
0,AB-751_O23,*
0,AG-333-L05,*
0,AG-485_C08,*
0,AD-613_L23,*
0,AD-308_D16,*
0,AD-311_J11,*
0,AAA240_D15,*
0,AAA240_J07,*
0,AB-746_E18,*
0,AB-747_N05,*
0,AG-487_E14,*
0,AAA008_N04,*
0,AG-313-G03,*
0,AG-487_A11,*
0,AAA240_O20,*
0,AG-337-B13,*
0,AD-305_L21,*
0,AD-604_N15,*
0,AG-343-F13,*
0,AG-404-J13,*
0,AB-754_A15,*
0,AD-613_M13,*
0,AG-333-E09,*
0,AG-337-I03,*
0,AG-404-J05,*
0,AB-747_J15,*
0,AD-305_D07,*
0,AG-333-F15,*
0,AC-312_P07,*
0,AD-311_G04,*
0,AG-313-L03,*
0,AG-319-I03,*
0,AB-747_A19,*
0,AD-606_E05,*
0,AG-313-N10,*
0,AG-325-G06,*
0,AB-754_B05,*
0,AB-755_L08,*
0,AG-313-N11,*
0,AG-343-C10,*
0,AG-349-L09,*
0,AD-604_A18,*
0,AB-747_I06,*
0,AD-305_D03,*
0,AG-404-O16,*
0,AAA007_F15,*
0,AAA300_D07,*
0,AB-746_P11,*
0,AB-747_D22,*
0,AB-747_E07,*
0,AD-604_D20,*
0,AG-333-N11,*
0,AG-404-E07,*
0,AB-746_G13,*
0,AB-746_M05,*
0,AD-305_O23,*
0,AD-613_I09,*
0,AAA001_G18,*
0,AAA001_J14,*
0,AB-746_P19,*
0,AC-312_N20,*
0,AD-311_P03,*
0,AG-343-G22,*
0,AG-349-D11,*
0,AG-485_E20,*
0,AB-746_J19,*
0,AB-751_M21,*
0,AC-337_B10,*
0,AD-305_I13,*
0,AG-343-A06,*
0,AAA003_J23,*
0,AC-312_P16,*
0,AD-606_B03,*
0,AG-343-D04,*
0,AG-404-K13,*
0,AB-746_E23,*
0,AG-343-F09,*
0,AB-746_I17,*
0,AAA300_G15,*
0,AC-312_M19,*
0,AG-343-A10,*
0,AG-349-I09,*
0,AD-602_M10,*
0,AB-747_A11,*
0,AG-337-O08,*
0,AAA008_C05,*
0,AG-349-F10,*
0,AAA240_L17,*
0,AAA300_B05,*
0,AD-311_O23,*
0,AG-319-O06,*
0,AG-337-I15,*
0,AAA288_E13,*
0,AD-311_D20,*
0,AD-311_E23,*
0,AG-325-N15,*
0,AG-333-G18,*
0,AG-349-A14,*
0,AB-754_I13,*
0,AG-404-K07,*
0,AAA288_F04,*
0,AD-311_N05,*
0,AG-485_O10,*
0,AD-305_J22,*
0,AD-311_F22,*
0,AG-343-G03,*
0,AD-305_I15,*
0,AG-325-C15,*
0,AAA003_E02,*
0,AAA240_D18,*
0,AAA240_E13,*
0,AAA240_O23,*
0,AD-311_E18,*
0,AD-308_A20,*
0,AD-308_C16,*
0,AD-308_I08,*
0,AAA008_F18,*
0,AB-755_P06,*
0,AD-305_L11,*
0,AD-604_B04,*
0,AG-404-J23,*
0,AG-343-A08,*
0,AG-404-A10,*
0,AAA008_O15,*
0,AAA008_P10,*
0,AD-308_I22,*
0,AG-343-D11,*
0,AC-312_M04,*
0,AB-755_A23,*
0,AC-337_D02,*
0,AC-337_F21,*
0,AG-404-F02,*
0,AG-337-L17,*
0,AG-343-D13,*
0,AG-343-K14,*
0,AB-747_B19,*
0,AB-747_K19,*
0,AC-312_D09,*
0,AD-311_M09,*
0,AG-333-F23,*
0,AD-308_B02,*
0,AD-305_K15,*
0,AG-404-A14,*
0,AD-305_D13,*
0,AAA288_O14,*
0,AD-305_M07,*
0,AAA015_C20,*
0,AD-311_C07,*
0,AG-404-M02,*
0,AG-487_N19,*
0,AB-747_B16,*
0,AB-746_O10,*
0,AD-305_C21,*
0,AG-343-D15,*
0,AAA003_A19,*
0,AD-305_E17,*
0,AG-349-I20,*
0,AG-485_G05,*
0,AB-746_G21,*
0,AB-746_L10,*
0,AG-337-D18,*
0,AD-606_L02,*
0,AB-754_E20_AB-905,*
0,AB-755_L23,*
0,AD-305_M06,*
0,AAA001_J07,*
0,AB-747_P04,*
0,AB-747_P07,*
0,AG-343-N19,*
0,AD-305_E19,*
0,AAA001_B19,*
0,AC-337_F16,*
0,AD-305_E09,*
0,AD-308_E14,*
0,AD-305_J02,*
0,AD-305_O14,*
0,AD-311_F16,*
0,AG-313-N08,*
0,AB-746_B08,*
0,AB-747_N17,*
0,AD-305_F07,*
0,AAA003_K20,*
0,AD-602_F14,*
0,AD-305_D18,*
0,AG-487_D03,*
0,AD-602_B03,*
0,AG-485_G21,*
0,AD-311_J20,*
0,AD-305_B04,*
0,AG-333-D21,*
0,AG-485_D03,*
0,AG-487_N03,*
0,AAA003_F10,*
0,AAA007_J08,*
0,AAA008_M21,*
0,AD-613_K05,*
0,AAA003_D08,*
0,AG-487_E15,*
0,AD-308_P19,*
0,AG-485_B07,*
0,AG-349-G08,*
0,AAA001_F06,*
0,AG-319-O10,*
0,AG-487_C07,*
0,AG-404-O22,*
0,AB-746_F08,*
0,AB-746_B16,*
0,AAA015_A06,*
0,AAA008_L08,*
0,AB-755_L06,*
0,AB-746_D04_M13F,*
0,AD-308_D22,*
0,AB-750_M13,*
0,AD-308_E05,*
0,AB-747_K18,*
0,AB-747_N16,*
0,AB-754_A20,*
0,AB-746_J11_M13R,*
0,AB-754_M02,*
0,AB-747_K16,*
0,AB-747_B07,*
0,AB-747_M02,*
0,AB-746_M17,*
0,AD-311_J15,*
0,AD-311_M16,*
0,AB-746_F10,*
0,AB-750_B19,*
0,AD-606_I03,*
0,AG-485_M23,*
0,AG-487_A07,*
0,AAA003_M19,*
0,AB-751_J06,*
0,AC-337_G19,*
0,AAA003_P19,*
0,AB-746_P20,*
0,AB-751_L19,*
0,AB-746_A17,*
0,AB-751_O16,*
0,AB-750_B20,*
0,AG-487_M08,*
0,AG-485_G20,*
0,AB-747_J06_M13R,*
0,JGI_01_G19_4000m,*
0,AB-754_K19,*
0,AC-312_P18,*
0,AC-337_C08,*
0,AB-755_J03,*
0,AB-755_D16,*
0,AD-613_M08,*
0,AC-312_N17,*
0,AB-747_A14,*
0,AD-308_K20,*
0,AB-747_N09_M13F,*
0,JGI_02_F21,*
0,AC-312_J04,*
0,AD-305_A17,*
0,JGI_01_D15,*
0,AB-746_D22,*
0,JGI_02_H9,*
0,JGI_01_J15,*
0,AAA007_J07,*
0,JGI_02_K6,*
0,AAA240_P19,*
0,JGI_02_F19,*
0,JGI_01_K13,*
0,JGI_01_L8_200m,*
0,JGI_02_J6,*
0,JGI_01_F16_4000m,*
0,JGI_02_H7,*
0,JGI_02_H21,*
0,AAA240_A06,*
0,JGI_01_E6,*
0,JGI_02_G11,*
0,AAA008_E08,*
0,JGI_02_C14,*
0,JGI_02_K14,*
0,JGI_01_K12_4000m,*
0,JGI_01_H4,*
0,AAA007_C13,*
0,JGI_01_H13,*
0,JGI_02_I7,*
0,JGI_02_I15,*
0,JGI_02_L9,*
0,AAA001_I21,*
0,JGI_01_J22,*
0,JGI_02_I11,*
0,JGI_01_D19,*
0,AAA001_I13,*
0,AB-751_J03,*
0,JGI_01_F9,*
0,JGI_01_D22,*
0,JGI_01_G5_4000m,*
0,JGI_01_J4_1000m,*
0,JGI_02_L16,*
0,JGI_01_I11_4000m,*
0,AAA003_E19,*
0,AAA240_G19,*
0,JGI_02_L19,*
0,JGI_02_D13,*
0,JGI_01_F21_1000m,*
0,AAA001_E21,*
0,AAA001_M13,*
0,JGI_02_D19,*
0,JGI_01_E9,*
0,JGI_02_K9,*
0,JGI_01_J16_4000m,*
0,JGI_01_H14,*
0,AAA003_F05,*
0,AAA003_K19,*
0,AAA240_N16,*
0,JGI_01_J17,*
0,JGI_02_L10,*
0,JGI_04_N16,*
0,JGI_01_D17,*
0,JGI_02_N20,*
0,JGI_01_I21_4000m,*
0,JGI_01_F19_1000m,*
0,AAA007_P13,*
0,JGI_02_I17,*
0,JGI_02_C17,*
0,JGI_01_F13_25m,*
0,JGI_01_G12_4000m,*
0,JGI_01_K13_1000m,*
0,JGI_01_K17_4000m,*
0,JGI_02_G12,*
0,JGI_01_M13,*
0,JGI_01_G8,*
0,JGI_01_C10_1000m,*
0,JGI_01_G16_4000m,*
0,JGI_01_K6,*
0,JGI_01_I9_1000m,*
0,JGI_01_E13_4000m,*
0,JGI_01_G18_4000m,*
0,AAA240_A02,*
0,JGI_01_G15,*
0,JGI_02_K4,*
0,JGI_04_I11,*
0,JGI_01_E17_4000m,*
0,JGI_01_E9_4000m,*
0,JGI_01_H18_4000m,*
0,JGI_01_B21,*
0,JGI_02_K17,*
0,JGI_01_H21_200m,*
0,JGI_01_E13_200m,*
0,JGI_02_D10,*
0,JGI_01_H17_1000m,*
0,JGI_02_N12,*
0,AAA240_K18,*
0,JGI_01_L10_200m,*
0,JGI_01_H11_1000m,*
0,JGI_01_L18_25m,*
0,AAA008_P02,*
0,AD-308_G02,*
0,JGI_02_H19,*
0,JGI_01_J5,*
0,JGI_01_F14,*
0,JGI_01_F17_4000m,*
0,JGI_01_K18_4000m,*
0,JGI_01_D18_4000m,*
0,AAA001_I23,*
0,AD-311_L06,*
0,JGI_02_H18,*
0,JGI_01_B7,*
0,JGI_01_K16_4000m,*
0,JGI_01_L22_200m,*
0,JGI_01_H21_25m,*
0,JGI_01_F21_500m,*
0,AAA240_N21,*
0,JGI_01_D18,*
0,JGI_01_H22,*
0,JGI_01_K19,*
0,JGI_01_I11_1000m,*
0,JGI_01_G11,*
0,JGI_01_I18,*
0,JGI_01_J9,*
0,JGI_01_L11_1000m,*
0,JGI_01_F8_4000m,*
0,AAA288_D06,*
0,JGI_02_L14,*
0,JGI_01_E13_500m,*
0,JGI_02_K22,*
0,JGI_01_N12,*
0,AAA008_K08,*
0,AB-750_F14_M13R,*
0,JGI_01_L21,*
0,JGI_04_M22,*
0,JGI_01_M16_4000m,*
0,JGI_02_H12,*
0,JGI_02_G21,*
0,JGI_02_N14,*
0,JGI_01_H19,*
0,AB-747_A07,*
0,AD-305_A03,*
0,JGI_01_K16,*
0,JGI_01_B9,*
0,JGI_01_J14,*
0,JGI_01_M7,*
0,AG-485_M17,*
0,JGI_01_M19,*
0,AD-308_B13,*
0,JGI_01_N8,*
0,JGI_02_M7,*
0,JGI_01_M4_750m,*
0,JGI_02_F17,*
0,JGI_01_M12_750m,*
0,JGI_02_I10,*
0,JGI_01_K7_750m,*
0,AB-750_P10_M13R,*
0,JGI_01_G6_750m,*
0,JGI_01_E17_750m,*
0,JGI_01_J20_750m,*
0,JGI_01_M16_750m,*
0,JGI_01_M20_750m,*
0,JGI_01_J16_750m,*
0,JGI_04_N4,*
0,JGI_01_C9,*
0,JGI_01_F12,*
0,JGI_01_E14_750m,*
0,JGI_01_G17_750m,*
0,AB-747_J06_M13F,*
0,JGI_02_E19,*
0,JGI_01_L19_750m,*
0,AB-747_P15,*
0,JGI_01_N17_750m,*
0,JGI_01_I15_750m,*
0,JGI_01_C13_750m,*
0,JGI_01_L16_750m,*
0,AB-754_J06,*
0,JGI_01_K9_1000m,*
0,AB-746_A02,*
0,JGI_01_M5_750m,*
0,JGI_01_M16,*
0,JGI_01_E16,*
0,AB-750_F14_M13F,*
0,JGI_01_B18,*
0,JGI_01_K17,*
0,JGI_01_M5,*
0,JGI_01_M11,*
0,JGI_01_I11,*
0,JGI_01_C17,*
0,JGI_02_J17,*
0,AD-311_M14,*
0,JGI_04_M4,*
0,JGI_01_E21,*
0,JGI_01_K9_200m,*
0,JGI_01_G15_750m,*
0,JGI_01_J12,*
0,JGI_01_J13_750m,*
0,JGI_02_G14,*
0,JGI_01_L13,*
0,JGI_01_B8,*
0,JGI_01_D9_1000m,*
0,JGI_01_I19,*
0,AB-747_N09_M13R,*
0,JGI_04_N9,*
0,JGI_01_L18_500m,*
0,JGI_04_N11,*
0,AB-754_E20_AB-908,*
0,JGI_01_J9_750m,*
0,AB-747_D02,*
0,JGI_01_E12,*
0,JGI_01_D17_1000m,*
0,AB-746_P22,*
0,AB-746_D04_M13R,*
